Image_Number,Master_Run_Number,PC_Time,GPS_Time,UTC_Time,Pressure(hPa),North(mm),East(mm),Down(mm),Distance(mm),H_RTK_Accuracy(mm),V_RTK_Accuracy(mm),N_SATS_RTK,Flags,Latitude(deg),Longitude(deg),Height(m),H_Accuracy(mm),V_Accuracy(mm),N_Sats
16,9,2021-08-06 16:24:29.194960,2021-08-06 08:24:46.400000,2021-8-6 8:24:28.399999891,1300,3105,-10942,-54,11374.150737527616,91,199,15,4,1.2847313741463589,103.81158766109266,40.362845574681344,1952,3951,15
16,9,2021-08-06 16:24:29.232611,2021-08-06 08:24:46.500000,2021-8-6 8:24:28.499999891,1300,3105,-10941,-53,11373.1840308684,87,192,15,4,1.284731336473157,103.81158766922243,40.361233118715404,1938,3926,15
16,9,2021-08-06 16:24:29.336677,2021-08-06 08:24:46.600000,2021-8-6 8:24:28.599999894,1300,3105,-10941,-55,11373.193526885929,86,191,15,4,1.2847313227219217,103.81158767107668,40.36159469505045,1927,3905,15
16,9,2021-08-06 16:24:29.424783,2021-08-06 08:24:46.700000,2021-8-6 8:24:28.699999894,1300,3105,-10940,-55,11372.231531234316,86,190,15,4,1.2847313171884795,103.81158767577361,40.357315132766814,1954,3963,15
16,9,2021-08-06 16:24:29.528701,2021-08-06 08:24:46.800000,2021-8-6 8:24:28.799999893,1300,3106,-10940,-55,11372.50460540685,86,193,15,4,1.2847312987974673,103.81158767019456,40.357994660922024,1939,3933,15
16,9,2021-08-06 16:24:29.655551,2021-08-06 08:24:46.900000,2021-8-6 8:24:28.899999892,1300,3105,-10942,-52,11374.14141814669,88,197,15,4,1.2847312849230397,103.8115876696188,40.35568193981793,1969,3997,15
16,9,2021-08-06 16:24:29.880025,2021-08-06 08:24:47.000000,2021-8-6 8:24:28.999999892,1300,3104,-10941,-53,11372.91106093774,87,194,15,4,1.2847312596601361,103.81158769095707,40.35661893837892,1947,3953,15
16,9,2021-08-06 16:24:29.884014,2021-08-06 08:24:47.100000,2021-8-6 8:24:29.099999891,1300,3106,-10942,-54,11374.42376562435,87,195,15,4,1.2847312553401011,103.81158769729271,40.35861877523677,1941,3943,15
16,9,2021-08-06 16:24:29.921913,2021-08-06 08:24:47.200000,2021-8-6 8:24:29.199999891,1300,3109,-10943,-55,11376.210045529222,88,197,15,4,1.2847312522669774,103.8115877110817,40.36245486775002,1970,4004,15
17,10,2021-08-06 16:24:30.037084,2021-08-06 08:24:47.300000,2021-8-6 8:24:29.299999890,1300,3113,-10946,-52,11380.175262270788,83,182,15,4,1.2847312819486199,103.81158769575968,40.36268706503931,1960,3986,15
17,10,2021-08-06 16:24:30.138637,2021-08-06 08:24:47.400000,2021-8-6 8:24:29.399999893,1300,3107,-10941,-55,11373.739710403082,88,194,15,4,1.2847312566929343,103.81158777995248,40.35851304291655,1983,4034,15
17,10,2021-08-06 16:24:30.224406,2021-08-06 08:24:47.500000,2021-8-6 8:24:29.499999893,1300,3101,-10933,-87,11364.605536489156,107,236,15,4,1.2847312599305514,103.8115878654008,40.37088016431835,1966,4000,15
17,10,2021-08-06 16:24:30.304009,2021-08-06 08:24:47.600000,2021-8-6 8:24:29.599999892,1300,3098,-10929,-80,11359.887543457462,96,210,15,4,1.2847312240022783,103.81158796776326,40.36962766543819,1926,3922,15
17,10,2021-08-06 16:24:30.394097,2021-08-06 08:24:47.700000,2021-8-6 8:24:29.699999892,1300,3103,-10925,-58,11357.270710870636,104,229,15,4,1.284731225595178,103.81158816188463,40.366320802448726,1960,3980,15
17,10,2021-08-06 16:24:30.528907,2021-08-06 08:24:47.800000,2021-8-6 8:24:29.799999891,1300,3110,-10919,-46,11353.359723007106,119,212,14,4,1.2847312237365687,103.81158813771151,40.35200311783897,2014,4048,15
17,10,2021-08-06 16:24:30.650108,2021-08-06 08:24:47.900000,2021-8-6 8:24:29.899999890,1300,3111,-10919,-61,11353.704373463315,119,214,14,4,1.2847312739762766,103.81158801918829,40.367526861019996,1077,2152,14
17,10,2021-08-06 16:24:30.863613,2021-08-06 08:24:48.000000,2021-8-6 8:24:29.999999890,1300,3110,-10921,-62,11355.359307393139,131,243,14,4,1.2847312995090963,103.81158787242885,40.354249374700494,1084,2155,14
17,10,2021-08-06 16:24:30.867603,2021-08-06 08:24:48.100000,2021-8-6 8:24:30.099999892,1300,3114,-10917,-58,11352.587766672408,142,264,14,4,1.284731408172423,103.81158780127036,40.3294887962659,1061,2097,14
17,10,2021-08-06 16:24:30.892977,2021-08-06 08:24:48.200000,2021-8-6 8:24:30.199999892,1300,3114,-10921,-52,11356.405285124338,157,291,14,4,1.2847314908982639,103.81158766945671,40.306566708573506,1021,2008,14
17,10,2021-08-06 16:24:31.021426,2021-08-06 08:24:48.300000,2021-8-6 8:24:30.299999891,1300,3121,-10910,-57,11347.774671714275,154,267,14,4,1.2847315930539078,103.81158762588937,40.29633802982593,989,1935,14
17,10,2021-08-06 16:24:31.140462,2021-08-06 08:24:48.400000,2021-8-6 8:24:30.399999891,1300,3119,-10908,-65,11345.344860338093,164,284,14,4,1.2847316313879342,103.81158754801639,40.291790925654176,961,1872,14
17,10,2021-08-06 16:24:31.197645,2021-08-06 08:24:48.500000,2021-8-6 8:24:30.499999891,1300,3120,-10909,-62,11346.56445801988,172,298,15,4,1.2847318020932357,103.81158729665216,40.24630044522626,1152,2240,15
17,10,2021-08-06 16:24:31.333778,2021-08-06 08:24:48.600000,2021-8-6 8:24:30.599999893,1300,3121,-10902,-65,11340.126542503836,183,318,15,4,1.2847319704899995,103.81158709924051,40.20355501268494,1117,2165,15
17,10,2021-08-06 16:24:31.417271,2021-08-06 08:24:48.700000,2021-8-6 8:24:30.699999893,1300,3120,-10903,-67,11340.824396841705,175,314,15,4,1.2847321195867991,103.81158687922427,40.16742975997566,1081,2092,15
17,10,2021-08-06 16:24:31.523220,2021-08-06 08:24:48.800000,2021-8-6 8:24:30.799999892,1300,3121,-10909,-59,11346.823476198086,175,317,15,4,1.2847322443243243,103.81158662780483,40.13409850025505,1007,1946,15
17,10,2021-08-06 16:24:31.645113,2021-08-06 08:24:48.900000,2021-8-6 8:24:30.899999892,1300,3121,-10905,-60,11342.983117328527,177,323,15,4,1.2847323635899888,103.811586482148,40.10343800857763,960,1853,15
17,10,2021-08-06 16:24:31.854372,2021-08-06 08:24:49.000000,2021-8-6 8:24:30.999999892,1300,3123,-10908,-51,11346.373605694464,224,390,14,4,1.284732380226488,103.81158638956076,40.09692784729762,1111,2132,14
17,10,2021-08-06 16:24:31.869330,2021-08-06 08:24:49.100000,2021-8-6 8:24:31.099999893,1300,3120,-10906,-59,11343.66417873872,234,408,14,4,1.2847323683452692,103.81158637165767,40.10546346722928,1103,2105,14
17,10,2021-08-06 16:24:31.907313,2021-08-06 08:24:49.200000,2021-8-6 8:24:31.199999893,1300,3121,-10900,-67,11338.215468053162,244,426,14,4,1.2847323888497413,103.81158637745052,40.115167676262914,1065,2023,14
18,11,2021-08-06 16:24:32.029828,2021-08-06 08:24:49.300000,2021-8-6 8:24:31.299999892,1300,3119,-10899,-69,11336.715706058787,228,390,14,4,1.2847324217874443,103.81158634891283,40.11440502839515,1078,2038,14
18,11,2021-08-06 16:24:32.139684,2021-08-06 08:24:49.400000,2021-8-6 8:24:31.399999892,1300,3123,-10895,-63,11333.936782954102,229,394,14,4,1.2847325048669067,103.81158637248652,40.111484868914694,1065,2003,14
18,11,2021-08-06 16:24:32.183728,2021-08-06 08:24:49.500000,2021-8-6 8:24:31.499999893,1300,3126,-10902,-58,11341.465690112544,231,397,14,4,1.2847325743599451,103.8115862848394,40.10656472525228,1061,1986,14
18,11,2021-08-06 16:24:32.307351,2021-08-06 08:24:49.600000,2021-8-6 8:24:31.599999893,1300,3124,-10901,-59,11339.958465532403,234,405,14,4,1.2847325907216858,103.81158629209565,40.11536364457428,1122,2092,14
18,11,2021-08-06 16:24:32.411366,2021-08-06 08:24:49.700000,2021-8-6 8:24:31.699999893,1300,3122,-10905,-60,11343.258306148195,245,423,14,4,1.2847326310720468,103.8115862502727,40.12244258189076,1100,2042,14
18,11,2021-08-06 16:24:32.536073,2021-08-06 08:24:49.800000,2021-8-6 8:24:31.799999893,1300,3123,-10903,-52,11341.571407878188,247,429,14,4,1.2847326809041688,103.81158623693663,40.11655795186503,1141,2110,14
18,11,2021-08-06 16:24:32.648216,2021-08-06 08:24:49.900000,2021-8-6 8:24:31.899999893,1300,3128,-10902,-40,11341.939340342109,249,432,14,4,1.2847327025214423,103.81158616691883,40.104102353771815,1229,2258,14
18,11,2021-08-06 16:24:32.861138,2021-08-06 08:24:50.000000,2021-8-6 8:24:31.999999894,1300,3123,-10901,-52,11339.648759992524,254,441,14,4,1.2847326368907557,103.81158612364223,40.122958811618176,1237,2259,14
18,11,2021-08-06 16:24:32.879047,2021-08-06 08:24:50.100000,2021-8-6 8:24:32.099999894,1300,3124,-10902,-52,11340.885503345848,260,451,14,4,1.2847326410980657,103.81158607119178,40.12798173241619,1136,2059,14
18,11,2021-08-06 16:24:32.914973,2021-08-06 08:24:50.200000,2021-8-6 8:24:32.199999894,1300,3121,-10905,-56,11342.962664136738,235,400,14,4,1.2847326476292522,103.81158600964946,40.13450977244799,1164,2094,14
18,11,2021-08-06 16:24:33.017703,2021-08-06 08:24:50.300000,2021-8-6 8:24:32.299999893,1300,3118,-10902,-63,11339.289968953082,239,408,14,4,1.2847326104037091,103.81158600677568,40.14935361264389,1194,2134,14
18,11,2021-08-06 16:24:33.138506,2021-08-06 08:24:50.400000,2021-8-6 8:24:32.399999895,1300,3120,-10905,-61,11342.713343816813,237,405,14,4,1.2847325787844117,103.81158595848471,40.16439288612208,1210,2148,14
18,11,2021-08-06 16:24:33.216833,2021-08-06 08:24:50.500000,2021-8-6 8:24:32.499999894,1300,3119,-10903,-57,11340.49465411452,243,418,14,4,1.2847325266852718,103.81158592665268,40.172250249361596,1138,2007,14
18,11,2021-08-06 16:24:33.315753,2021-08-06 08:24:50.600000,2021-8-6 8:24:32.599999894,1300,3116,-10902,-66,11338.757251127656,247,426,14,4,1.2847324666918667,103.8115858589051,40.186385001440385,1161,2036,14
18,11,2021-08-06 16:24:33.416699,2021-08-06 08:24:50.700000,2021-8-6 8:24:32.699999894,1300,3118,-10900,-67,11337.390043568228,244,420,14,4,1.2847324698090665,103.81158581676526,40.1987773570744,1186,2066,14
18,11,2021-08-06 16:24:33.514655,2021-08-06 08:24:50.800000,2021-8-6 8:24:32.799999894,1300,3116,-10906,-65,11342.597453846274,238,410,14,4,1.284732454530011,103.81158569568382,40.20135745634491,1183,2050,14
18,11,2021-08-06 16:24:33.653422,2021-08-06 08:24:50.900000,2021-8-6 8:24:32.899999894,1300,3119,-10905,-66,11342.466310287195,242,418,14,4,1.284732473482962,103.8115856353848,40.207863078621024,1192,2054,14
18,11,2021-08-06 16:24:33.869226,2021-08-06 08:24:51.000000,2021-8-6 8:24:32.999999894,1300,3117,-10904,-66,11340.95503033144,256,442,14,4,1.2847324880042388,103.81158559583652,40.21497878633638,1164,1995,14
18,11,2021-08-06 16:24:33.881201,2021-08-06 08:24:51.100000,2021-8-6 8:24:33.099999893,1300,3117,-10903,-70,11340.017548487303,262,454,14,4,1.2847325312414233,103.81158589267355,40.26929989601428,2435,4151,15
18,11,2021-08-06 16:24:33.919499,2021-08-06 08:24:51.200000,2021-8-6 8:24:33.199999895,1300,3115,-10902,-71,11338.512689061119,234,398,15,4,1.284732534375222,103.81158618628469,40.32701473499719,2454,4163,15
19,12,2021-08-06 16:24:34.018983,2021-08-06 08:24:51.300000,2021-8-6 8:24:33.299999895,1300,3110,-10907,-66,11341.918047667246,233,396,15,4,1.2847325181584832,103.81158640164892,40.37353154506008,2495,4213,15
19,12,2021-08-06 16:24:34.138801,2021-08-06 08:24:51.400000,2021-8-6 8:24:33.399999895,1300,3106,-10889,-75,11323.567547376577,233,398,15,4,1.2847325036062092,103.8115868147548,40.437117373944034,2557,4298,15
19,12,2021-08-06 16:24:34.214282,2021-08-06 08:24:51.500000,2021-8-6 8:24:33.499999894,1300,3106,-10883,-79,11317.825144434773,235,401,15,4,1.2847325441780824,103.81158710623588,40.48510208115662,2568,4298,15
19,12,2021-08-06 16:24:34.319017,2021-08-06 08:24:51.600000,2021-8-6 8:24:33.599999894,1300,3108,-10882,-80,11317.419670578625,237,405,15,4,1.2847325785359893,103.81158735489645,40.535425630599796,2566,4277,15
19,12,2021-08-06 16:24:34.429003,2021-08-06 08:24:51.700000,2021-8-6 8:24:33.699999895,1300,3112,-10884,-77,11320.420884401781,243,417,15,4,1.2847326116813749,103.8115875542046,40.57802009081706,2554,4239,15
19,12,2021-08-06 16:24:34.546144,2021-08-06 08:24:51.800000,2021-8-6 8:24:33.799999895,1300,3117,-10890,-93,11327.684582473154,245,421,15,4,1.2847326140856803,103.81158778202072,40.64769732721984,2690,4447,15
19,12,2021-08-06 16:24:34.647776,2021-08-06 08:24:51.900000,2021-8-6 8:24:33.899999894,1300,3125,-10883,-133,11323.559643504334,252,432,15,4,1.2847326447846492,103.81158815101043,40.74535932430621,2695,4438,15
19,12,2021-08-06 16:24:34.795403,2021-08-06 08:24:52.000000,2021-8-6 8:24:33.999999894,1300,3129,-10870,-199,11313.140236026424,256,440,15,4,1.2847326002384984,103.8115879285862,40.79480132377654,1154,1905,15
19,12,2021-08-06 16:24:34.863687,2021-08-06 08:24:52.100000,2021-8-6 8:24:34.099999895,1300,3138,-10859,-255,11306.19078204503,247,446,13,4,1.2847327096184804,103.8115879038322,40.844548585817044,1142,1882,14
19,12,2021-08-06 16:24:34.914633,2021-08-06 08:24:52.200000,2021-8-6 8:24:34.199999895,1300,3175,-10849,-312,11308.349570118533,244,444,13,4,1.2847329674220704,103.81158789449059,40.90849743636604,1086,1785,14
19,12,2021-08-06 16:24:35.020093,2021-08-06 08:24:52.300000,2021-8-6 8:24:34.299999895,1300,3195,-10855,-374,11321.61322427153,238,410,13,4,1.2847331308570353,103.8115877086712,40.97015235894379,1068,1754,14
19,12,2021-08-06 16:24:35.143319,2021-08-06 08:24:52.400000,2021-8-6 8:24:34.399999895,1300,3197,-10852,-491,11323.771191612801,222,391,13,4,1.2847331629467675,103.8115875975559,41.08008095340968,1065,1745,14
19,12,2021-08-06 16:24:35.219019,2021-08-06 08:24:52.500000,2021-8-6 8:24:34.499999895,1300,3211,-10845,-592,11325.855817553038,219,390,13,4,1.2847333237621927,103.81158751238848,41.17252681665112,1011,1655,14
19,12,2021-08-06 16:24:35.321838,2021-08-06 08:24:52.600000,2021-8-6 8:24:34.599999897,1300,3224,-10841,-685,11330.961212536207,220,395,13,4,1.2847334541299245,103.81158737231661,41.26170850289037,1098,1794,14
19,12,2021-08-06 16:24:35.411231,2021-08-06 08:24:52.700000,2021-8-6 8:24:34.699999897,1300,3227,-10840,-784,11337.27414328506,232,417,13,4,1.2847335489136562,103.81158721335284,41.34717875310891,1203,1964,14
19,12,2021-08-06 16:24:35.522843,2021-08-06 08:24:52.800000,2021-8-6 8:24:34.799999896,1300,3240,-10808,-897,11318.792912674036,214,387,13,4,1.2847336698024439,103.8115872878804,41.45286346163342,1221,1990,14
19,12,2021-08-06 16:24:35.636143,2021-08-06 08:24:52.900000,2021-8-6 8:24:34.899999896,1300,3267,-10787,-970,11312.53985628338,221,402,13,4,1.284733973600531,103.81158735912513,41.5207268381794,1296,2109,14
19,12,2021-08-06 16:24:35.881272,2021-08-06 08:24:53.000000,2021-8-6 8:24:34.999999898,1300,3273,-10737,-1038,11272.672353971795,219,399,13,4,1.284734132810164,103.8115875975196,41.567640136117916,1322,2148,14
19,12,2021-08-06 16:24:35.890203,2021-08-06 08:24:53.100000,2021-8-6 8:24:35.099999898,1300,3301,-10674,-1062,11223.133296900647,205,375,13,4,1.2847344912079264,103.81158790313778,41.56207544828966,1391,2258,14
19,12,2021-08-06 16:24:35.913942,2021-08-06 08:24:53.200000,2021-8-6 8:24:35.199999898,1300,3306,-10623,-1087,11178.521100753891,216,396,13,4,1.2847346495843905,103.81158810398051,41.55396517106524,1347,2182,14
20,13,2021-08-06 16:24:36.019918,2021-08-06 08:24:53.300000,2021-8-6 8:24:35.299999898,1300,3315,-10559,-1132,11124.8878646034,191,346,14,4,1.2847348344678857,103.8115884003648,41.57136727207728,1462,2366,14
20,13,2021-08-06 16:24:36.135789,2021-08-06 08:24:53.400000,2021-8-6 8:24:35.399999898,1300,3318,-10491,-1134,11061.471918329857,195,359,14,4,1.284734944003213,103.81158870485208,41.54503049696104,1416,2286,14
20,13,2021-08-06 16:24:36.194815,2021-08-06 08:24:53.500000,2021-8-6 8:24:35.499999899,1300,3326,-10382,-1135,10960.676302126616,188,348,14,4,1.2847350892618983,103.81158935064522,41.513211857003625,1397,2252,14
20,13,2021-08-06 16:24:36.322548,2021-08-06 08:24:53.600000,2021-8-6 8:24:35.599999899,1300,3319,-10288,-1123,10868.294898464985,190,350,14,4,1.284735149186089,103.81158995695779,41.470340580123704,1421,2284,14
20,13,2021-08-06 16:24:36.419514,2021-08-06 08:24:53.700000,2021-8-6 8:24:35.699999899,1300,3314,-10183,-1143,10769.518745050775,190,352,14,4,1.2847351955817596,103.8115906324526,41.46251582032732,1410,2261,14
20,13,2021-08-06 16:24:36.549396,2021-08-06 08:24:53.800000,2021-8-6 8:24:35.799999899,1300,3310,-10093,-1162,10685.269907681322,194,359,14,4,1.2847353004897386,103.81159117066552,41.44156039394679,1405,2250,14
20,13,2021-08-06 16:24:36.636381,2021-08-06 08:24:53.900000,2021-8-6 8:24:35.899999900,1300,3325,-9972,-1170,10576.639778303883,197,365,14,4,1.2847355024819465,103.81159202203997,41.42476165030642,1304,2083,14
20,13,2021-08-06 16:24:36.893147,2021-08-06 08:24:54.000000,2021-8-6 8:24:35.999999900,1300,3352,-9868,-1173,10487.576316766424,189,351,14,4,1.2847358487078278,103.81159272166519,41.38284743215103,1261,2011,14
20,13,2021-08-06 16:24:36.905112,2021-08-06 08:24:54.100000,2021-8-6 8:24:36.099999900,1300,3369,-9764,-1173,10395.277100683752,179,334,14,4,1.284736101265095,103.8115934355559,41.33561267062782,1183,1882,14
20,13,2021-08-06 16:24:36.932210,2021-08-06 08:24:54.200000,2021-8-6 8:24:36.199999900,1300,3379,-9635,-1177,10277.94702263054,175,327,14,4,1.2847362574753167,103.81159431399563,41.29607777934805,1239,1968,14
20,13,2021-08-06 16:24:37.023137,2021-08-06 08:24:54.300000,2021-8-6 8:24:36.299999900,1300,3374,-9545,-1163,10190.361622631455,171,296,14,4,1.284736271185302,103.8115948961856,41.24524829917695,1237,1960,14
20,13,2021-08-06 16:24:37.138345,2021-08-06 08:24:54.400000,2021-8-6 8:24:36.399999902,1300,3373,-9429,-1189,10084.487641918155,165,286,14,4,1.2847362858392974,103.81159564942438,41.23121883636986,1249,1976,14
20,13,2021-08-06 16:24:37.216076,2021-08-06 08:24:54.500000,2021-8-6 8:24:36.499999902,1300,3362,-9337,-1176,9993.277190191415,160,279,14,4,1.2847363020966736,103.81159625912017,41.172140164763015,1263,1994,14
20,13,2021-08-06 16:24:37.316911,2021-08-06 08:24:54.600000,2021-8-6 8:24:36.599999902,1300,3344,-9224,-1165,9880.371298691158,168,294,14,4,1.2847362232519914,103.81159696446441,41.10908930308688,1290,2034,14
20,13,2021-08-06 16:24:37.414268,2021-08-06 08:24:54.700000,2021-8-6 8:24:36.699999902,1300,3340,-9090,-1173,9754.979702695438,181,316,14,4,1.2847362639278552,103.8115978492962,41.05693211640075,1306,2056,14
20,13,2021-08-06 16:24:37.521818,2021-08-06 08:24:54.800000,2021-8-6 8:24:36.799999902,1300,3321,-9001,-1149,9662.672663399087,198,346,14,4,1.284736233697832,103.81159837061627,40.96300031331625,1376,2162,14
20,13,2021-08-06 16:24:37.634472,2021-08-06 08:24:54.900000,2021-8-6 8:24:36.899999904,1300,3338,-8864,-1175,9544.284415292746,197,344,14,4,1.2847364476638778,103.81159930149119,40.930573173245364,1436,2251,14
20,13,2021-08-06 16:24:37.874823,2021-08-06 08:24:55.000000,2021-8-6 8:24:36.999999903,1300,3363,-8751,-1187,9449.801003195782,192,336,14,4,1.2847367401778667,103.81160009698814,40.89140398892362,1405,2197,14
20,13,2021-08-06 16:24:37.877809,2021-08-06 08:24:55.100000,2021-8-6 8:24:37.099999903,1300,3391,-8640,-1171,9355.197592782313,191,335,14,4,1.284737080890153,103.81160086996621,40.82234508449127,1383,2158,14
20,13,2021-08-06 16:24:37.919476,2021-08-06 08:24:55.200000,2021-8-6 8:24:37.199999903,1300,3393,-8527,-1165,9250.913630555633,188,329,14,4,1.2847372030464965,103.81160163451842,40.758171475022074,1363,2122,14
21,14,2021-08-06 16:24:38.022286,2021-08-06 08:24:55.300000,2021-8-6 8:24:37.299999903,1300,3388,-8421,-1145,9148.9239804471,167,288,14,4,1.2847372351250383,103.81160235841705,40.68891315678024,1226,1906,14
21,14,2021-08-06 16:24:38.132121,2021-08-06 08:24:55.400000,2021-8-6 8:24:37.399999905,1300,3384,-8303,-1173,9042.52144039482,182,314,14,4,1.2847372655142268,103.81160318574528,40.65791874990716,1294,2007,14
21,14,2021-08-06 16:24:38.217408,2021-08-06 08:24:55.500000,2021-8-6 8:24:37.499999905,1300,3368,-8181,-1184,8926.031649058836,184,319,14,4,1.284737153362996,103.81160399245353,40.61276973546214,1424,2204,14
21,14,2021-08-06 16:24:38.321004,2021-08-06 08:24:55.600000,2021-8-6 8:24:37.599999905,1300,3343,-8078,-1175,8821.017968465998,179,311,14,4,1.2847370000458385,103.81160460424275,40.53352054052537,1499,2316,14
21,14,2021-08-06 16:24:38.421925,2021-08-06 08:24:55.700000,2021-8-6 8:24:37.699999905,1300,3330,-7959,-1151,8703.986557894032,187,325,14,4,1.2847368933778,103.81160538601405,40.45295282962223,1550,2391,14
21,14,2021-08-06 16:24:38.532632,2021-08-06 08:24:55.800000,2021-8-6 8:24:37.799999906,1300,3331,-7828,-1162,8586.232526550863,184,322,15,4,1.2847369828761661,103.81160629460601,40.40386181438671,1531,2375,15
21,14,2021-08-06 16:24:38.637319,2021-08-06 08:24:55.900000,2021-8-6 8:24:37.899999908,1300,3343,-7702,-1169,8477.20555371875,183,320,15,4,1.2847371651551875,103.81160719951286,40.35402509710382,1395,2177,15
21,14,2021-08-06 16:24:38.859827,2021-08-06 08:24:56.000000,2021-8-6 8:24:37.999999908,1300,3349,-7609,-1148,8392.293250357736,206,370,14,4,1.2847372974790743,103.81160791787792,40.30104477646767,1604,2508,14
21,14,2021-08-06 16:24:38.875772,2021-08-06 08:24:56.100000,2021-8-6 8:24:38.099999907,1300,3344,-7501,-1135,8290.691286014695,392,535,13,4,1.2847373831723268,103.81160889739448,40.27565753534047,1665,2582,13
21,14,2021-08-06 16:24:38.904834,2021-08-06 08:24:56.200000,2021-8-6 8:24:38.199999907,1300,3339,-7379,-1139,8178.990341111793,403,548,13,4,1.2847374077047649,103.81160983688817,40.24204433692165,1736,2673,13
21,14,2021-08-06 16:24:38.985886,2021-08-06 08:24:56.300000,2021-8-6 8:24:38.299999907,1300,3323,-7262,-1143,8067.553656468607,363,480,13,4,1.2847373080373432,103.81161066983651,40.218714644182675,2323,3551,13
21,14,2021-08-06 16:24:39.120661,2021-08-06 08:24:56.400000,2021-8-6 8:24:38.399999909,1300,3302,-7164,-1139,7970.158154014261,363,476,13,4,1.28473718972863,103.81161145236108,40.19983974587712,2200,3341,13
21,14,2021-08-06 16:24:39.207621,2021-08-06 08:24:56.500000,2021-8-6 8:24:38.499999909,1300,3279,-7050,-1148,7859.532110755703,362,473,13,4,1.2847370172519452,103.81161225822888,40.167474218209314,2175,3282,13
21,14,2021-08-06 16:24:39.305507,2021-08-06 08:24:56.600000,2021-8-6 8:24:38.599999909,1300,3256,-6957,-1132,7764.20047397026,351,473,12,4,1.2847368498213052,103.81161299124106,40.12815046785006,2316,3481,12
21,14,2021-08-06 16:24:39.407955,2021-08-06 08:24:56.700000,2021-8-6 8:24:38.699999909,1300,3229,-6828,-1151,7640.211122737382,348,468,12,4,1.2847366503623978,103.81161395100946,40.11581110058263,2023,3029,12
21,14,2021-08-06 16:24:39.515339,2021-08-06 08:24:56.800000,2021-8-6 8:24:38.799999910,1300,3227,-6712,-1134,7533.288060335938,356,478,13,4,1.2847367106261431,103.8116152458245,40.14983317058713,2904,4374,15
21,14,2021-08-06 16:24:39.645578,2021-08-06 08:24:56.900000,2021-8-6 8:24:38.899999911,1300,3226,-6611,-1125,7441.641082449489,366,491,13,4,1.2847368080544648,103.81161635304024,40.1946823013745,2858,4327,15
21,14,2021-08-06 16:24:39.860664,2021-08-06 08:24:57.000000,2021-8-6 8:24:38.999999911,1300,3240,-6483,-1138,7336.34329894669,373,500,13,4,1.2847370001547436,103.81161757953713,40.24518447779424,2404,3669,15
21,14,2021-08-06 16:24:39.879604,2021-08-06 08:24:57.100000,2021-8-6 8:24:39.099999911,1300,3249,-6365,-1124,7234.12759080181,380,509,13,4,1.2847371511668975,103.81161870007067,40.26500644744551,2385,3666,15
21,14,2021-08-06 16:24:39.918013,2021-08-06 08:24:57.200000,2021-8-6 8:24:39.199999910,1300,3258,-6238,-1153,7131.3825447805,342,458,14,4,1.2847371759481074,103.81161957808159,40.281406065894245,2275,3550,15
21,14,2021-08-06 16:24:40.015053,2021-08-06 08:24:57.300000,2021-8-6 8:24:39.299999911,1300,3255,-6128,-1131,7030.403260126691,352,472,14,4,1.2847371998712411,103.81162060326709,40.28315266869633,1976,3126,15
22,15,2021-08-06 16:24:40.113530,2021-08-06 08:24:57.400000,2021-8-6 8:24:39.399999910,1300,3242,-6034,-1134,6943.030750327986,268,377,13,4,1.28473715717593,103.8116216123045,40.321584381700454,1832,2937,15
22,15,2021-08-06 16:24:40.213862,2021-08-06 08:24:57.500000,2021-8-6 8:24:39.499999910,1300,3227,-5910,-1143,6829.939824039448,231,334,13,4,1.2847370943119722,103.81162276293259,40.351362573837356,1824,2962,15
22,15,2021-08-06 16:24:40.310840,2021-08-06 08:24:57.600000,2021-8-6 8:24:39.599999910,1300,3202,-5798,-1134,6719.788984782186,221,329,13,4,1.2847369437186182,103.81162380622374,40.35529886664709,1766,2902,15
22,15,2021-08-06 16:24:40.518597,2021-08-06 08:24:57.700000,2021-8-6 8:24:39.699999910,1300,3171,-5678,-1143,6603.133650017998,226,342,14,4,1.28473665107643,103.8116246625058,40.32218302991855,1362,2263,14
22,15,2021-08-06 16:24:40.540617,2021-08-06 08:24:57.800000,2021-8-6 8:24:39.799999912,1300,3149,-5564,-1139,6493.967816366201,203,314,14,4,1.284736442774563,103.8116255147271,40.2844607344487,1216,2042,14
22,15,2021-08-06 16:24:40.613305,2021-08-06 08:24:57.900000,2021-8-6 8:24:39.899999912,1300,3144,-5441,-1140,6386.612325795265,199,309,14,4,1.2847364436685176,103.81162649008519,40.245874037677865,1138,1933,14
22,15,2021-08-06 16:24:40.856801,2021-08-06 08:24:58.000000,2021-8-6 8:24:39.999999912,1300,3158,-5315,-1159,6290.108902077928,189,296,14,4,1.284736605587461,103.81162751187138,40.23829995460026,1162,1997,14
22,15,2021-08-06 16:24:40.869753,2021-08-06 08:24:58.100000,2021-8-6 8:24:40.099999912,1300,3168,-5200,-1166,6199.659668078563,193,306,14,4,1.284736728022972,103.81162843331353,40.21614728397924,1115,1936,14
22,15,2021-08-06 16:24:40.889477,2021-08-06 08:24:58.200000,2021-8-6 8:24:40.199999913,1300,3173,-5093,-1148,6109.376563938419,188,285,14,4,1.2847367750172765,103.81162921382787,40.16449704555339,1182,2073,14
22,15,2021-08-06 16:24:41.015308,2021-08-06 08:24:58.300000,2021-8-6 8:24:40.299999913,1300,3175,-4977,-1137,6011.981620065051,177,271,14,4,1.2847367931228872,103.81163007786351,40.115740998154926,1149,2034,14
22,15,2021-08-06 16:24:41.119255,2021-08-06 08:24:58.400000,2021-8-6 8:24:40.399999914,1300,3172,-4873,-1133,5923.799625240543,174,271,15,4,1.2847367485857393,103.8116308899056,40.08409717359529,1114,1992,15
22,15,2021-08-06 16:24:41.216160,2021-08-06 08:24:58.500000,2021-8-6 8:24:40.499999915,1300,3164,-4766,-1126,5830.39689901125,158,249,15,4,1.2847366635375135,103.81163170705945,40.039025103912486,1183,2136,15
22,15,2021-08-06 16:24:41.315055,2021-08-06 08:24:58.600000,2021-8-6 8:24:40.599999915,1300,3152,-4660,-1126,5737.471568557007,162,257,15,4,1.2847365582742272,103.8116325651482,40.017462340266405,1096,1998,15
22,15,2021-08-06 16:24:41.411818,2021-08-06 08:24:58.700000,2021-8-6 8:24:40.699999915,1300,3133,-4553,-1132,5641.535429295823,156,250,15,4,1.2847363892463786,103.8116334244944,39.9981395502336,1147,2107,15
22,15,2021-08-06 16:24:41.493055,2021-08-06 08:24:58.800000,2021-8-6 8:24:40.799999915,1300,3127,-4438,-1128,5544.939765227392,156,254,15,4,1.2847363454792007,103.81163440448269,39.98471311567973,1025,1899,15
22,15,2021-08-06 16:24:41.610690,2021-08-06 08:24:58.900000,2021-8-6 8:24:40.899999916,1300,3135,-4318,-1127,5453.7581537871665,164,268,15,4,1.2847363999318857,103.81163538019528,39.959953641472346,1064,1986,15
22,15,2021-08-06 16:24:41.774826,2021-08-06 08:24:59.000000,2021-8-6 8:24:40.999999916,1300,3130,-4215,-1144,5373.25422811912,156,257,15,4,1.2847363752375338,103.81163619596033,39.949298847986185,1131,2127,15
22,15,2021-08-06 16:24:41.845922,2021-08-06 08:24:59.100000,2021-8-6 8:24:41.099999917,1300,3141,-4106,-1152,5296.434744240695,154,255,15,4,1.2847364692645662,103.81163707683058,39.934173736423375,1042,1973,15
22,15,2021-08-06 16:24:41.914668,2021-08-06 08:24:59.200000,2021-8-6 8:24:41.199999917,1300,3139,-3996,-1146,5209.093299222044,165,275,15,4,1.28473646329266,103.81163795905843,39.901158214587,1154,2201,15
22,15,2021-08-06 16:24:41.995149,2021-08-06 08:24:59.300000,2021-8-6 8:24:41.299999917,1300,3137,-3900,-1137,5132.595639634979,169,284,15,4,1.284736485564421,103.81163884124928,39.87536298064696,1124,2156,15
23,16,2021-08-06 16:24:42.122675,2021-08-06 08:24:59.400000,2021-8-6 8:24:41.399999918,1300,3130,-3795,-1132,5047.806355239868,177,298,15,4,1.2847364318770442,103.81163973078374,39.85739191089885,1137,2193,15
23,16,2021-08-06 16:24:42.187343,2021-08-06 08:24:59.500000,2021-8-6 8:24:41.499999918,1300,3121,-3674,-1160,4958.277624336903,343,438,14,4,1.2847363035453194,103.81164058612296,39.853174699495,1098,2110,15
23,16,2021-08-06 16:24:42.316772,2021-08-06 08:24:59.600000,2021-8-6 8:24:41.599999919,1300,3095,-3571,-1164,4866.8225774112625,317,404,14,4,1.2847361968145155,103.81164145564753,39.81332517153859,1133,2164,15
23,16,2021-08-06 16:24:42.415383,2021-08-06 08:24:59.700000,2021-8-6 8:24:41.699999919,1300,3068,-3475,-1172,4781.404919058832,319,406,14,4,1.2847360447898875,103.8116422075602,39.78399595895327,1136,2161,15
23,16,2021-08-06 16:24:42.534974,2021-08-06 08:24:59.800000,2021-8-6 8:24:41.799999919,1300,3045,-3358,-1173,4682.319724239258,334,424,14,4,1.2847360104821288,103.81164325369376,39.76414163258228,1293,2445,15
23,16,2021-08-06 16:24:42.614214,2021-08-06 08:24:59.900000,2021-8-6 8:24:41.899999920,1300,3027,-3238,-1198,4591.576744431046,327,414,14,4,1.2847359647019596,103.8116442839508,39.76948599241042,1259,2368,15
23,16,2021-08-06 16:24:42.855543,2021-08-06 08:25:00.000000,2021-8-6 8:24:41.999999920,1300,3012,-3148,-1174,4512.241571547339,313,396,14,4,1.2847359789157122,103.81164523236465,39.751668223483506,1314,2459,15
23,16,2021-08-06 16:24:42.861528,2021-08-06 08:25:00.100000,2021-8-6 8:24:42.099999921,1300,2994,-3057,-1164,4434.431305139364,314,396,14,4,1.284735912053747,103.81164615169547,39.75101426347887,1375,2561,15
23,16,2021-08-06 16:24:42.917342,2021-08-06 08:25:00.200000,2021-8-6 8:24:42.199999921,1300,2985,-2931,-1177,4345.838814314217,316,398,14,4,1.2847358641274227,103.81164715178218,39.7398569371419,1297,2405,15
23,16,2021-08-06 16:24:43.087219,2021-08-06 08:25:00.300000,2021-8-6 8:24:42.299999921,1300,2961,-2833,-1155,4257.632558124292,275,354,15,4,1.2847357722820825,103.81164818848197,39.72335384730349,1224,2272,15
23,16,2021-08-06 16:24:43.126736,2021-08-06 08:25:00.400000,2021-8-6 8:24:42.399999921,1300,2926,-2755,-1136,4176.3616941064865,228,305,15,4,1.2847355363296797,103.81164898448696,39.697059291341944,1153,2142,15
23,16,2021-08-06 16:24:43.189674,2021-08-06 08:25:00.500000,2021-8-6 8:24:42.499999921,1300,2897,-2643,-1151,4086.91313829888,207,290,15,4,1.284735323988469,103.81165005303707,39.706898451234814,1059,1977,15
23,16,2021-08-06 16:24:43.321696,2021-08-06 08:25:00.600000,2021-8-6 8:24:42.599999921,1300,2854,-2554,-1171,4004.931085549413,189,273,15,4,1.2847349822268659,103.8116508693659,39.71527917314495,1184,2221,15
23,16,2021-08-06 16:24:43.422548,2021-08-06 08:25:00.700000,2021-8-6 8:24:42.699999921,1300,2803,-2459,-1180,3910.9960368172196,168,250,15,4,1.2847345736486733,103.81165166662844,39.70526594301327,1118,2105,15
23,16,2021-08-06 16:24:43.522763,2021-08-06 08:25:00.800000,2021-8-6 8:24:42.799999922,1300,2746,-2374,-1172,3814.4430786158023,160,243,15,4,1.2847341290929275,103.81165234454329,39.67160181159372,1183,2235,15
23,16,2021-08-06 16:24:43.587080,2021-08-06 08:25:00.900000,2021-8-6 8:24:42.899999923,1300,2711,-2269,-1165,3722.2448871615097,155,241,15,4,1.2847338431100785,103.81165322315627,39.64436842435055,1059,2009,15
23,16,2021-08-06 16:24:43.868391,2021-08-06 08:25:01.000000,2021-8-6 8:24:42.999999923,1300,2682,-2162,-1163,3635.923129000392,153,242,15,4,1.2847336163989709,103.81165411505374,39.62354408929173,1087,2069,15
23,16,2021-08-06 16:24:43.887305,2021-08-06 08:25:01.100000,2021-8-6 8:24:43.099999923,1300,2667,-2060,-1169,3566.938463164174,144,232,15,4,1.2847334910819268,103.81165491935494,39.60926707697385,1111,2121,15
23,16,2021-08-06 16:24:43.920270,2021-08-06 08:25:01.200000,2021-8-6 8:24:43.199999924,1300,2648,-1960,-1169,3495.720955682819,146,238,15,4,1.284733314085355,103.81165567489714,39.58711065355997,1151,2205,15
23,16,2021-08-06 16:24:44.022253,2021-08-06 08:25:01.300000,2021-8-6 8:24:43.299999924,1300,2628,-1862,-1162,3423.984813050432,152,237,15,4,1.2847331141441383,103.81165640059076,39.56329034041642,1156,2221,15
24,17,2021-08-06 16:24:44.119192,2021-08-06 08:25:01.400000,2021-8-6 8:24:43.399999925,1300,2604,-1771,-1148,3351.8891688121194,156,249,15,4,1.2847329322683207,103.81165712539337,39.528380330000665,1180,2271,15
24,17,2021-08-06 16:24:44.220155,2021-08-06 08:25:01.500000,2021-8-6 8:24:43.499999925,1300,2570,-1677,-1152,3277.8549388281353,138,224,15,4,1.284732677586269,103.81165791662477,39.51669866612143,1134,2189,15
24,17,2021-08-06 16:24:44.321104,2021-08-06 08:25:01.600000,2021-8-6 8:24:43.599999925,1300,2531,-1578,-1166,3202.4367284928517,131,215,15,4,1.284732375268389,103.81165870650797,39.516064655364104,1091,2111,15
24,17,2021-08-06 16:24:44.421939,2021-08-06 08:25:01.700000,2021-8-6 8:24:43.699999926,1300,2487,-1494,-1156,3123.065961519225,131,218,15,4,1.284732006547843,103.81165941220411,39.50086930969473,1056,2049,15
24,17,2021-08-06 16:24:44.543204,2021-08-06 08:25:01.800000,2021-8-6 8:24:43.799999927,1300,2441,-1408,-1154,3045.1044317067353,126,213,15,4,1.2847316530217183,103.81166016178202,39.48757427804174,1055,2051,15
24,17,2021-08-06 16:24:44.630775,2021-08-06 08:25:01.900000,2021-8-6 8:24:43.899999927,1300,2398,-1326,-1150,2971.7301357963174,149,229,15,4,1.2847313193233785,103.81166086280123,39.47048768511335,1092,2108,15
24,17,2021-08-06 16:24:44.875736,2021-08-06 08:25:02.000000,2021-8-6 8:24:43.999999928,1300,2364,-1248,-1157,2912.8420829148977,154,239,15,4,1.2847310584723997,103.81166156838117,39.4705725360037,1095,2100,15
24,17,2021-08-06 16:24:44.888738,2021-08-06 08:25:02.100000,2021-8-6 8:24:44.099999928,1300,2339,-1178,-1176,2870.8153893972353,161,252,15,4,1.284730899661729,103.81166220195793,39.4812482458176,1185,2260,15
24,17,2021-08-06 16:24:44.895596,2021-08-06 08:25:02.200000,2021-8-6 8:24:44.199999928,1300,2305,-1120,-1189,2825.092210884452,148,232,15,4,1.2847306778248386,103.81166273862966,39.48149654362714,1236,2344,15
24,17,2021-08-06 16:24:45.073731,2021-08-06 08:25:02.300000,2021-8-6 8:24:44.299999929,1300,2266,-1071,-1186,2772.7951601227237,147,222,15,4,1.2847304128615638,103.811663176759,39.46178567223369,1233,2325,15
24,17,2021-08-06 16:24:45.120430,2021-08-06 08:25:02.400000,2021-8-6 8:24:44.399999929,1300,2222,-1022,-1177,2714.2396725418334,143,217,15,4,1.2847300412285718,103.81166360592809,39.44347961354141,1162,2182,15
24,17,2021-08-06 16:24:45.218460,2021-08-06 08:25:02.500000,2021-8-6 8:24:44.499999930,1300,2186,-993,-1144,2659.582862029307,156,240,15,4,1.284729753349384,103.81166383633665,39.40178860562296,1155,2158,15
24,17,2021-08-06 16:24:45.317644,2021-08-06 08:25:02.600000,2021-8-6 8:24:44.599999929,1300,2140,-978,-1152,2619.7686920795127,133,207,15,4,1.2847293816283158,103.81166393862095,39.401866582351715,1234,2301,15
24,17,2021-08-06 16:24:45.445053,2021-08-06 08:25:02.700000,2021-8-6 8:24:44.699999930,1300,2101,-963,-1122,2569.1348738437223,140,218,15,4,1.2847290882543285,103.81166405582796,39.361845784590194,1201,2236,15
24,17,2021-08-06 16:24:45.527234,2021-08-06 08:25:02.800000,2021-8-6 8:24:44.799999930,1300,2036,-940,-1135,2513.388350414635,159,250,15,4,1.2847286364737416,103.81166437410164,39.365295784607156,1278,2388,15
24,17,2021-08-06 16:24:45.623156,2021-08-06 08:25:02.900000,2021-8-6 8:24:44.899999930,1300,1964,-942,-1089,2435.278423507259,155,245,15,4,1.284728109426718,103.81166445359258,39.30955371947386,1200,2250,15
24,17,2021-08-06 16:24:45.864979,2021-08-06 08:25:03.000000,2021-8-6 8:24:44.999999931,1300,1895,-920,-1086,2369.98333327473,145,240,15,4,1.2847276132752892,103.81166473587079,39.293858949717595,1193,2251,15
24,17,2021-08-06 16:24:45.869001,2021-08-06 08:25:03.100000,2021-8-6 8:24:45.099999931,1300,1813,-886,-1098,2297.2960192365285,122,208,15,4,1.2847269302391868,103.81166503931402,39.28753837873345,1105,2097,15
24,17,2021-08-06 16:24:45.917910,2021-08-06 08:25:03.200000,2021-8-6 8:24:45.199999932,1300,1736,-857,-1111,2232.1438125712243,136,236,15,4,1.2847262842557277,103.81166527872772,39.28833650184106,1141,2179,15
25,18,2021-08-06 16:24:46.077877,2021-08-06 08:25:03.300000,2021-8-6 8:24:45.299999933,1300,1654,-827,-1132,2168.194871315768,147,222,15,4,1.2847256025703249,103.81166546682212,39.2905427446346,1098,2107,15
25,18,2021-08-06 16:24:46.097823,2021-08-06 08:25:03.400000,2021-8-6 8:24:45.399999933,1300,1563,-806,-1131,2090.8768495537943,151,236,14,4,1.2847248001234337,103.81166555861313,39.280045980885184,1008,1945,14
25,18,2021-08-06 16:24:46.218285,2021-08-06 08:25:03.500000,2021-8-6 8:24:45.499999934,1300,1474,-803,-1129,2022.9003930001102,144,226,14,4,1.2847240426591067,103.81166555068326,39.26908130638162,997,1935,14
25,18,2021-08-06 16:24:46.315592,2021-08-06 08:25:03.600000,2021-8-6 8:24:45.599999934,1300,1397,-792,-1133,1965.3401741174478,138,219,14,4,1.2847233602717307,103.81166547948936,39.24800678362281,1019,1989,14
25,18,2021-08-06 16:24:46.412533,2021-08-06 08:25:03.700000,2021-8-6 8:24:45.699999934,1300,1312,-802,-1134,1910.6292157297291,152,244,14,4,1.2847226084862688,103.81166525011355,39.228030073102445,1026,2012,14
25,18,2021-08-06 16:24:46.543692,2021-08-06 08:25:03.800000,2021-8-6 8:24:45.799999935,1300,1241,-805,-1136,1865.1010696474334,166,269,14,4,1.2847219818758948,103.81166508312508,39.2061323356472,1114,2196,14
25,18,2021-08-06 16:24:46.616601,2021-08-06 08:25:03.900000,2021-8-6 8:24:45.899999936,1300,1164,-822,-1127,1816.7853478052932,150,246,14,4,1.2847212874396319,103.8116647936145,39.17422727910613,1114,2206,14
25,18,2021-08-06 16:24:46.783410,2021-08-06 08:25:04.000000,2021-8-6 8:24:45.999999936,1300,1098,-826,-1144,1787.9082750521627,156,257,14,4,1.2847207008370412,103.81166463963272,39.166921369981175,1189,2355,14
25,18,2021-08-06 16:24:46.845324,2021-08-06 08:25:04.100000,2021-8-6 8:24:46.099999937,1300,1029,-833,-1155,1756.9163326692594,150,250,14,4,1.2847200986006435,103.81166447345804,39.157191072355516,1211,2392,14
25,18,2021-08-06 16:24:46.913381,2021-08-06 08:25:04.200000,2021-8-6 8:24:46.199999937,1300,962,-842,-1154,1722.243885168416,137,239,14,4,1.2847195142270926,103.81166426053146,39.13824843786576,1248,2466,14
25,18,2021-08-06 16:24:47.010883,2021-08-06 08:25:04.300000,2021-8-6 8:24:46.299999937,1300,911,-854,-1135,1687.4424434628875,134,225,14,4,1.2847190460619538,103.81166401284983,39.10051975408516,1287,2544,14
25,18,2021-08-06 16:24:47.079166,2021-08-06 08:25:04.400000,2021-8-6 8:24:46.399999937,1300,866,-875,-1147,1682.6140377400873,157,268,14,4,1.2847186343530594,103.81166370308777,39.0878711703115,1252,2476,14
25,18,2021-08-06 16:24:47.207910,2021-08-06 08:25:04.500000,2021-8-6 8:24:46.499999938,1300,851,-909,-1134,1684.1727939852253,139,252,14,4,1.2847185192691135,103.81166331320559,39.03318450271323,1267,2510,14
25,18,2021-08-06 16:24:47.308445,2021-08-06 08:25:04.600000,2021-8-6 8:24:46.599999939,1300,857,-970,-1128,1716.8963276796885,133,243,14,4,1.284718575679914,103.81166263449376,39.0026715085191,1165,2312,14
25,18,2021-08-06 16:24:47.407904,2021-08-06 08:25:04.700000,2021-8-6 8:24:46.699999939,1300,873,-1038,-1157,1782.7568538642615,131,244,14,4,1.2847187147730195,103.81166188435793,39.00719592990918,1174,2335,14
25,18,2021-08-06 16:24:47.489381,2021-08-06 08:25:04.800000,2021-8-6 8:24:46.799999940,1300,904,-1087,-1170,1835.125336319021,137,257,13,4,1.2847189790305615,103.81166137049901,39.030815619280794,1302,2600,14
25,18,2021-08-06 16:24:47.613729,2021-08-06 08:25:04.900000,2021-8-6 8:24:46.899999940,1300,945,-1139,-1172,1887.8373870648923,151,288,13,4,1.2847193643045942,103.81166087322217,38.99988127157613,1185,2379,14
25,18,2021-08-06 16:24:47.796051,2021-08-06 08:25:05.000000,2021-8-6 8:24:46.999999941,1300,978,-1182,-1157,1921.5246550591019,141,271,13,4,1.2847198152730825,103.8116604339958,38.95040754608837,1269,2557,14
25,18,2021-08-06 16:24:47.857611,2021-08-06 08:25:05.100000,2021-8-6 8:24:47.099999942,1300,1005,-1223,-1174,1970.7942561312684,153,301,13,4,1.2847201986913581,103.81166003264289,38.92329389589215,1209,2443,14
25,18,2021-08-06 16:24:47.910843,2021-08-06 08:25:05.200000,2021-8-6 8:24:47.199999942,1300,1028,-1251,-1187,2007.6737782817208,150,300,12,4,1.284720524765897,103.8116597844331,38.88366026040296,1116,2261,13
25,18,2021-08-06 16:24:47.991252,2021-08-06 08:25:05.300000,2021-8-6 8:24:47.299999943,1300,1049,-1263,-1188,2026.5522445769811,139,262,13,4,1.2847208148690008,103.81165978122202,38.829760424743434,1353,2748,13
26,19,2021-08-06 16:24:48.121984,2021-08-06 08:25:05.400000,2021-8-6 8:24:47.399999944,1300,1071,-1266,-1186,2038.7233750560667,128,234,12,4,1.2847210713890327,103.81165977350292,38.742853693137185,1324,2690,12
26,19,2021-08-06 16:24:48.218379,2021-08-06 08:25:05.500000,2021-8-6 8:24:47.499999944,1300,1094,-1269,-1171,2044.1227947459518,108,197,12,4,1.284721371969845,103.81165978008863,38.6743682260027,1196,2429,12
26,19,2021-08-06 16:24:48.316319,2021-08-06 08:25:05.600000,2021-8-6 8:24:47.599999945,1300,1104,-1282,-1156,2049.0671048064773,122,213,12,4,1.2847215004107113,103.811659704215,38.624324047889964,1094,2209,12
26,19,2021-08-06 16:24:48.412926,2021-08-06 08:25:05.700000,2021-8-6 8:24:47.699999946,1300,1117,-1303,-1153,2067.5848229274657,128,224,12,4,1.2847216742862495,103.81165957421605,38.58467786163381,1028,2071,12
26,19,2021-08-06 16:24:48.527598,2021-08-06 08:25:05.800000,2021-8-6 8:24:47.799999947,1300,1124,-1337,-1141,2086.3427331097832,150,270,12,4,1.2847217908726827,103.81165933958685,38.535505898339395,1215,2450,12
26,19,2021-08-06 16:24:48.634816,2021-08-06 08:25:05.900000,2021-8-6 8:24:47.899999947,1300,1122,-1399,-1096,2101.737614451433,420,575,12,4,1.2847217633032824,103.81165853474397,38.49961865218666,3210,6264,12
26,19,2021-08-06 16:24:48.948219,2021-08-06 08:25:06.000000,2021-8-6 8:24:47.999999947,1300,1128,-1420,-1146,2145.250568115529,518,722,12,4,1.2847218141527539,103.8116582166669,38.474156682240086,1573,2992,12
26,19,2021-08-06 16:24:48.952659,2021-08-06 08:25:06.100000,2021-8-6 8:24:48.099999948,1300,1121,-1478,-1124,2168.986168697256,349,488,12,4,1.284721723853489,103.81165753910184,38.36520299603558,1444,2718,12
26,19,2021-08-06 16:24:48.960185,2021-08-06 08:25:06.200000,2021-8-6 8:24:48.199999949,1300,1116,-1530,-1131,2205.79169460763,324,454,11,4,1.2847216080110093,103.81165691427206,38.31941725846283,1373,2529,11
26,19,2021-08-06 16:24:49.079638,2021-08-06 08:25:06.300000,2021-8-6 8:24:48.299999950,1300,1101,-1639,-1087,2253.905721187113,307,427,11,4,1.2847214476719073,103.81165586776125,38.246694819555024,1378,2491,11
26,19,2021-08-06 16:24:49.122520,2021-08-06 08:25:06.400000,2021-8-6 8:24:48.399999951,1300,1089,-1699,-1077,2287.4551361720737,275,383,11,4,1.284721328223705,103.81165514972852,38.179267094683865,1528,2714,11
26,19,2021-08-06 16:24:49.239112,2021-08-06 08:25:06.500000,2021-8-6 8:24:48.499999953,1300,1086,-1783,-1084,2352.3479759593392,306,428,11,4,1.284721248762573,103.81165423818805,38.13777618690984,1615,2825,11
26,19,2021-08-06 16:24:49.308439,2021-08-06 08:25:06.600000,2021-8-6 8:24:48.599999954,1300,1080,-1866,-1089,2415.4248073579106,247,346,11,4,1.2847211830985916,103.81165333116242,38.099193890148214,1471,2536,11
26,19,2021-08-06 16:24:49.419953,2021-08-06 08:25:06.700000,2021-8-6 8:24:48.699999954,1300,1092,-1955,-1102,2495.775029925574,359,502,12,4,1.2847213244555713,103.81165197867901,38.162142256130224,4546,7732,12
26,19,2021-08-06 16:24:49.515240,2021-08-06 08:25:06.800000,2021-8-6 8:24:48.799999953,1300,1101,-2043,-1140,2585.6623909551686,376,528,13,4,1.2847215230855622,103.81165082802184,38.27280204452341,4409,7527,13
26,19,2021-08-06 16:24:49.658035,2021-08-06 08:25:06.900000,2021-8-6 8:24:48.899999954,1300,1126,-2130,-1137,2664.121806524619,406,569,14,4,1.2847217803253668,103.81165005412262,38.24754246667283,1277,2169,14
26,19,2021-08-06 16:24:50.053821,2021-08-06 08:25:07.000000,2021-8-6 8:24:48.999999955,1300,1124,-2268,-1065,2746.1655084863332,445,624,13,4,1.284721796881267,103.8116487919944,38.172863087741014,1373,2301,13
27,20,2021-08-06 16:24:50.064791,2021-08-06 08:25:07.100000,2021-8-6 8:24:49.099999955,1300,1120,-2372,-1096,2842.885857715712,424,586,14,4,1.2847217750204967,103.81164794736162,38.20939832227731,1150,1920,14
27,20,2021-08-06 16:24:50.076758,2021-08-06 08:25:07.200000,2021-8-6 8:24:49.199999956,1300,1110,-2464,-1075,2908.4396160140577,244,330,11,4,1.2847216683871263,103.81164710481788,38.20727017559497,1197,1973,13
27,20,2021-08-06 16:24:50.080749,2021-08-06 08:25:07.300000,2021-8-6 8:24:49.299999956,1300,1099,-2574,-1098,3006.4731829836765,217,295,12,4,1.284721569554203,103.81164619207779,38.253822760259354,1211,2000,14
27,20,2021-08-06 16:24:50.170208,2021-08-06 08:25:07.400000,2021-8-6 8:24:49.399999957,1300,1107,-2683,-1094,3101.7372551523445,211,287,10,4,1.2847216176256573,103.81164520894968,38.259222368498996,1038,1689,12
27,20,2021-08-06 16:24:50.219645,2021-08-06 08:25:07.500000,2021-8-6 8:24:49.499999958,1300,1098,-2790,-1088,3189.584298933013,252,343,11,4,1.284721484077824,103.8116442274337,38.24122985383667,1382,2219,12
27,20,2021-08-06 16:24:50.315263,2021-08-06 08:25:07.600000,2021-8-6 8:24:49.599999959,1300,1115,-2874,-1115,3278.1589345240723,259,352,12,4,1.2847215394109186,103.81164347452052,38.2401033752608,3004,4758,12
27,20,2021-08-06 16:24:50.422617,2021-08-06 08:25:07.700000,2021-8-6 8:24:49.699999960,1300,1124,-3000,-1101,3387.562102751771,277,375,12,4,1.2847215534588317,103.81164232654065,38.19566717549948,3056,4779,12
27,20,2021-08-06 16:24:50.552065,2021-08-06 08:25:07.800000,2021-8-6 8:24:49.799999961,1300,1143,-3109,-1090,3487.180809765963,241,320,12,4,1.2847217616507676,103.81164143002847,38.21162795328345,1252,1933,12
27,20,2021-08-06 16:24:50.615559,2021-08-06 08:25:07.900000,2021-8-6 8:24:49.899999962,1300,1160,-3219,-1095,3592.5737292364647,231,303,12,4,1.2847219817020303,103.81164051987763,38.21974307608862,1126,1719,12
27,20,2021-08-06 16:24:50.863044,2021-08-06 08:25:08.000000,2021-8-6 8:24:49.999999964,1300,1181,-3343,-1078,3705.7379831822973,252,329,12,4,1.2847222234550075,103.81163953986756,38.21733272227195,1153,1740,12
27,20,2021-08-06 16:24:50.881995,2021-08-06 08:25:08.100000,2021-8-6 8:24:50.099999964,1300,1190,-3462,-1072,3814.5416500544334,254,330,12,4,1.2847223458606458,103.81163858798487,38.21261360907122,1029,1536,12
27,20,2021-08-06 16:24:50.918851,2021-08-06 08:25:08.200000,2021-8-6 8:24:50.199999966,1300,1186,-3566,-1106,3917.421090462449,233,304,12,4,1.2847223219518638,103.81163770939817,38.24269941160453,942,1393,12
27,20,2021-08-06 16:24:51.014210,2021-08-06 08:25:08.300000,2021-8-6 8:24:50.299999967,1300,1186,-3689,-1103,4028.886446649992,241,311,12,4,1.2847222908086664,103.81163673363164,38.25866446235263,1119,1642,12
27,20,2021-08-06 16:24:51.117934,2021-08-06 08:25:08.400000,2021-8-6 8:24:50.399999968,1300,1178,-3808,-1109,4137.442325882018,263,343,12,4,1.2847222283366646,103.81163571395028,38.25601848487049,1251,1821,12
27,20,2021-08-06 16:24:51.213639,2021-08-06 08:25:08.500000,2021-8-6 8:24:50.499999969,1300,1182,-3904,-1138,4234.782639050085,251,327,12,4,1.2847222638973161,103.81163489106648,38.27542062609689,1206,1744,12
27,20,2021-08-06 16:24:51.315857,2021-08-06 08:25:08.600000,2021-8-6 8:24:50.599999970,1300,1193,-4038,-1121,4357.216313198141,257,335,12,4,1.2847223744913787,103.81163376611823,38.25968610807053,1196,1719,12
27,20,2021-08-06 16:24:51.419441,2021-08-06 08:25:08.700000,2021-8-6 8:24:50.699999971,1300,1200,-4153,-1067,4452.62821264026,300,390,14,4,1.2847224633482526,103.8116329647114,38.22194952634376,2046,2994,14
27,20,2021-08-06 16:24:51.579860,2021-08-06 08:25:08.800000,2021-8-6 8:24:50.799999970,1300,1219,-4281,-1075,4579.142605335632,233,351,14,4,1.2847225089609116,103.81163200992596,38.19028579758767,1645,2449,14
27,20,2021-08-06 16:24:51.613801,2021-08-06 08:25:08.900000,2021-8-6 8:24:50.899999971,1300,1231,-4398,-1075,4691.84292149684,189,297,14,4,1.284722584669621,103.81163125702575,38.21929710933062,1165,1773,14
27,20,2021-08-06 16:24:51.779880,2021-08-06 08:25:09.000000,2021-8-6 8:24:50.999999972,1300,1239,-4520,-1075,4808.44527888173,182,296,14,4,1.2847226807788203,103.81163050538156,38.25652483040071,1114,1731,14
27,20,2021-08-06 16:24:51.936395,2021-08-06 08:25:09.100000,2021-8-6 8:24:51.099999973,1300,1246,-4645,-1091,4931.411765407549,150,249,14,4,1.284722737727841,103.8116296679534,38.30421529355831,1106,1751,14
27,20,2021-08-06 16:24:51.944343,2021-08-06 08:25:09.200000,2021-8-6 8:24:51.199999972,1300,1242,-4753,-1077,5029.264558561222,132,224,14,4,1.2847226094741426,103.8116289359014,38.3420206504024,1295,2088,14
27,20,2021-08-06 16:24:51.985525,2021-08-06 08:25:09.300000,2021-8-6 8:24:51.299999973,1300,1240,-4870,-1092,5142.661178806164,120,195,14,4,1.2847225468180241,103.81162810618977,38.38549986692733,1172,1921,14
28,21,2021-08-06 16:24:52.115482,2021-08-06 08:25:09.400000,2021-8-6 8:24:51.399999974,1300,1240,-4977,-1100,5245.772488394822,122,204,14,4,1.2847225021541868,103.81162725799602,38.4155438568549,1146,1908,14
28,21,2021-08-06 16:24:52.218263,2021-08-06 08:25:09.500000,2021-8-6 8:24:51.499999975,1300,1251,-5090,-1078,5351.18538269793,130,222,14,4,1.2847225649933742,103.81162637711745,38.412772941352245,1128,1906,14
28,21,2021-08-06 16:24:52.308372,2021-08-06 08:25:09.600000,2021-8-6 8:24:51.599999974,1300,1256,-5198,-1071,5453.785932725999,139,241,14,4,1.284722519969212,103.81162548936624,38.42203684198295,1184,2029,14
28,21,2021-08-06 16:24:52.388405,2021-08-06 08:25:09.700000,2021-8-6 8:24:51.699999975,1300,1278,-5304,-1075,5560.694650850737,130,230,14,4,1.2847225761625867,103.81162451146167,38.44533375377597,1331,2311,14
28,21,2021-08-06 16:24:52.525045,2021-08-06 08:25:09.800000,2021-8-6 8:24:51.799999976,1300,1294,-5425,-1112,5686.96799709652,121,218,14,4,1.2847226281897033,103.81162339622958,38.49587912454608,1140,2005,14
28,21,2021-08-06 16:24:52.616424,2021-08-06 08:25:09.900000,2021-8-6 8:24:51.899999977,1300,1306,-5531,-1090,5786.682728472332,124,231,13,4,1.284722657926272,103.81162245555535,38.46738066944239,1199,2135,13
28,21,2021-08-06 16:24:52.792193,2021-08-06 08:25:10.000000,2021-8-6 8:24:51.999999977,1300,1327,-5649,-1075,5901.504469201052,115,217,13,4,1.2847227164375707,103.81162137935597,38.491609731691966,1055,1902,13
28,21,2021-08-06 16:24:52.868631,2021-08-06 08:25:10.100000,2021-8-6 8:24:52.099999978,1300,1328,-5767,-1083,6016.208274320296,111,212,13,4,1.2847226278111696,103.81162028873098,38.52190062374128,1119,2040,13
28,21,2021-08-06 16:24:52.919221,2021-08-06 08:25:10.200000,2021-8-6 8:24:52.199999979,1300,1314,-5883,-1100,6127.5023459807835,111,216,13,4,1.2847224146369012,103.81161927594833,38.549240129419914,1050,1934,13
28,21,2021-08-06 16:24:53.019218,2021-08-06 08:25:10.300000,2021-8-6 8:24:52.299999979,1300,1297,-6001,-1089,6235.393411806508,100,180,13,4,1.284722191953725,103.81161822661329,38.56268940511905,921,1714,13
28,21,2021-08-06 16:24:53.131800,2021-08-06 08:25:10.400000,2021-8-6 8:24:52.399999979,1300,1284,-6113,-1089,6340.610853853121,186,283,11,4,1.2847220307610348,103.81161727038244,38.59136512218969,997,1837,11
28,21,2021-08-06 16:24:53.215709,2021-08-06 08:25:10.500000,2021-8-6 8:24:52.499999980,1300,1288,-6232,-1080,6454.701232435162,175,269,13,4,1.284721949922514,103.81161621922641,38.57973655945081,992,1830,13
28,21,2021-08-06 16:24:53.319066,2021-08-06 08:25:10.600000,2021-8-6 8:24:52.599999980,1300,1275,-6375,-1045,6584.700069099579,178,274,13,4,1.2847217451847155,103.81161497916497,38.56209475607997,1155,2135,13
28,21,2021-08-06 16:24:53.414581,2021-08-06 08:25:10.700000,2021-8-6 8:24:52.699999981,1300,1285,-6487,-1070,6699.051723938247,144,234,13,4,1.2847217585082165,103.81161397909428,38.597807130340684,1020,1904,13
28,21,2021-08-06 16:24:53.519514,2021-08-06 08:25:10.800000,2021-8-6 8:24:52.799999981,1300,1296,-6587,-1099,6802.645514797901,150,249,13,4,1.2847218133298783,103.81161307656143,38.62605290923429,1096,2066,13
28,21,2021-08-06 16:24:53.620387,2021-08-06 08:25:10.900000,2021-8-6 8:24:52.899999982,1300,1305,-6704,-1064,6912.216504132376,131,223,13,4,1.2847218755340166,103.8116120712189,38.60592727330316,1125,2141,13
28,21,2021-08-06 16:24:53.830268,2021-08-06 08:25:11.000000,2021-8-6 8:24:52.999999983,1300,1317,-6833,-1066,7039.938494049504,130,224,13,4,1.2847219891259178,103.81161092645337,38.589069447278305,1091,2096,13
28,21,2021-08-06 16:24:53.846259,2021-08-06 08:25:11.100000,2021-8-6 8:24:53.099999984,1300,1318,-6952,-1079,7157.630124559385,112,196,13,4,1.28472196087942,103.81160973111459,38.590912392407134,917,1770,13
28,21,2021-08-06 16:24:53.907485,2021-08-06 08:25:11.200000,2021-8-6 8:24:53.199999983,1300,1315,-7062,-1091,7265.765616918839,150,248,13,4,1.2847218832914546,103.81160858897465,38.580960018723935,880,1709,13
28,21,2021-08-06 16:24:54.010130,2021-08-06 08:25:11.300000,2021-8-6 8:24:53.299999984,1300,1302,-7184,-1077,7380.039905041164,144,244,13,4,1.2847217491606866,103.81160742925206,38.5693119278385,894,1744,13
29,22,2021-08-06 16:24:54.109060,2021-08-06 08:25:11.400000,2021-8-6 8:24:53.399999985,1300,1302,-7303,-1078,7496.072104775941,132,228,13,4,1.28472172266648,103.81160636453134,38.56644365386669,866,1698,13
29,22,2021-08-06 16:24:54.209060,2021-08-06 08:25:11.500000,2021-8-6 8:24:53.499999986,1300,1303,-7421,-1084,7612.102600464605,164,290,13,4,1.284721707145696,103.81160527413807,38.561503520119366,950,1873,13
29,22,2021-08-06 16:24:54.313966,2021-08-06 08:25:11.600000,2021-8-6 8:24:53.599999986,1300,1324,-7543,-1053,7730.370883728671,144,259,13,4,1.2847218907627207,103.81160419944592,38.526220100611276,855,1692,13
29,22,2021-08-06 16:24:54.378770,2021-08-06 08:25:11.700000,2021-8-6 8:24:53.699999987,1300,1343,-7651,-1077,7842.281492014935,173,315,13,4,1.2847220701841109,103.81160322577793,38.52936925601507,981,1951,13
29,22,2021-08-06 16:24:54.536345,2021-08-06 08:25:11.800000,2021-8-6 8:24:53.799999988,1300,1372,-7772,-1120,7971.246326641775,132,246,13,4,1.2847223344962808,103.81160210559231,38.56020036335568,942,1882,13
29,22,2021-08-06 16:24:54.629674,2021-08-06 08:25:11.900000,2021-8-6 8:24:53.899999989,1300,1415,-7873,-1119,8077.03627576353,146,274,13,4,1.2847227783025958,103.81160121955692,38.56580157418401,919,1845,14
29,22,2021-08-06 16:24:54.768638,2021-08-06 08:25:12.000000,2021-8-6 8:24:53.999999989,1300,1454,-7988,-1118,8195.863834886473,131,249,13,4,1.2847231850019183,103.81160023739791,38.58200044442681,867,1750,13
29,22,2021-08-06 16:24:54.814055,2021-08-06 08:25:12.100000,2021-8-6 8:24:54.099999989,1300,1472,-8092,-1112,8299.626015670827,159,322,12,4,1.2847234157108713,103.81159931857914,38.59536660686804,981,1991,12
29,22,2021-08-06 16:24:54.909505,2021-08-06 08:25:12.200000,2021-8-6 8:24:54.199999989,1300,1482,-8210,-1149,8421.4384163277,139,285,12,4,1.2847235438443076,103.8115982936623,38.65134450829523,912,1861,12
29,22,2021-08-06 16:24:55.013420,2021-08-06 08:25:12.300000,2021-8-6 8:24:54.299999990,1300,1491,-8317,-1173,8530.621255219341,171,354,12,4,1.284723596127475,103.81159735984636,38.69436831101969,909,1865,12
29,22,2021-08-06 16:24:55.113347,2021-08-06 08:25:12.400000,2021-8-6 8:24:54.399999990,1300,1491,-8426,-1170,8636.518800998467,156,324,12,4,1.284723562222478,103.81159641273928,38.71578255546177,943,1944,12
29,22,2021-08-06 16:24:55.213009,2021-08-06 08:25:12.500000,2021-8-6 8:24:54.499999990,1300,1496,-8526,-1141,8731.126674146928,170,356,12,4,1.284723593394772,103.811595498541,38.70829254868397,906,1876,12
29,22,2021-08-06 16:24:55.308583,2021-08-06 08:25:12.600000,2021-8-6 8:24:54.599999990,1300,1508,-8643,-1130,8846.0393962496,162,343,12,4,1.284723684391519,103.81159449325588,38.72450077336517,1047,2178,12
29,22,2021-08-06 16:24:55.388223,2021-08-06 08:25:12.700000,2021-8-6 8:24:54.699999991,1300,1518,-8750,-1136,8953.062046026487,216,461,12,4,1.2847237359790822,103.81159356295669,38.74982537299456,1056,2207,12
29,22,2021-08-06 16:24:55.512112,2021-08-06 08:25:12.800000,2021-8-6 8:24:54.799999992,1300,1532,-8853,-1136,9056.110036875656,190,406,12,4,1.284723879256105,103.81159264393973,38.75634888094192,875,1837,12
29,22,2021-08-06 16:24:55.615033,2021-08-06 08:25:12.900000,2021-8-6 8:24:54.899999993,1300,1567,-8966,-1130,9171.77981637152,218,470,12,4,1.284724185851698,103.81159174913299,38.75615470224984,1034,2183,12
29,22,2021-08-06 16:24:55.844841,2021-08-06 08:25:13.000000,2021-8-6 8:24:54.999999993,1300,1578,-9069,-1145,9276.199113861237,230,512,12,4,1.284724290914435,103.81159084981662,38.750841892952636,993,2110,12
29,22,2021-08-06 16:24:55.858854,2021-08-06 08:25:13.100000,2021-8-6 8:24:55.099999994,1300,1580,-9188,-1138,9392.059837969518,266,596,12,4,1.2847243174467358,103.81158984327664,38.7649924227188,924,1976,12
29,22,2021-08-06 16:24:55.879849,2021-08-06 08:25:13.200000,2021-8-6 8:24:55.199999995,1300,1568,-9302,-1151,9503.190464259884,271,609,12,4,1.2847242291421592,103.81158893532995,38.780976655748425,889,1912,12
29,22,2021-08-06 16:24:56.012472,2021-08-06 08:25:13.300000,2021-8-6 8:24:55.299999996,1300,1547,-9416,-1164,9612.968376105271,230,518,12,4,1.2847240626087508,103.811587980216,38.79567066855122,887,1919,12
30,23,2021-08-06 16:24:56.140342,2021-08-06 08:25:13.400000,2021-8-6 8:24:55.399999996,1300,1530,-9547,-1196,9742.511226578084,148,328,12,4,1.2847237769155382,103.81158706847668,38.812886229920906,1287,2794,12
30,23,2021-08-06 16:24:56.209893,2021-08-06 08:25:13.500000,2021-8-6 8:24:55.499999998,1300,1522,-9655,-1167,9843.647596292749,138,306,11,4,1.2847237175736517,103.81158608026269,38.7937395816273,995,2166,11
30,23,2021-08-06 16:24:56.310448,2021-08-06 08:25:13.600000,2021-8-6 8:24:55.599999999,1300,1507,-9768,-1180,9953.756727989688,148,329,11,4,1.2847236475374693,103.81158503584183,38.80690376729112,1104,2410,11
30,23,2021-08-06 16:24:56.374347,2021-08-06 08:25:13.700000,2021-8-6 8:24:55.699999999,1300,1513,-9874,-1179,10058.582703343449,145,322,11,4,1.2847237273674397,103.8115841458569,38.81619838227117,1096,2399,11
30,23,2021-08-06 16:24:56.527410,2021-08-06 08:25:13.800000,2021-8-6 8:24:55.799999999,1300,1517,-9975,-1166,10156.84350573543,144,322,11,4,1.2847238269441124,103.81158325227622,38.82880703754226,1008,2213,11
30,23,2021-08-06 16:24:56.614273,2021-08-06 08:25:13.900000,2021-8-6 8:24:55.899999999,1300,1522,-10079,-1183,10261.686703461572,176,394,11,4,1.2847238988061958,103.81158232639835,38.85772978051386,1152,2533,11
30,23,2021-08-06 16:24:56.781231,2021-08-06 08:25:14.000000,2021-8-6 8:24:55.999999999,1300,1519,-10180,-1165,10358.42584565821,150,338,12,4,1.2847238978977622,103.81158136793074,38.87220633691614,1295,2852,12
30,23,2021-08-06 16:24:56.849683,2021-08-06 08:25:14.100000,2021-8-6 8:24:56.099999999,1300,1520,-10299,-1162,10475.210976395654,153,348,12,4,1.284723888578858,103.81158022252258,38.90374382199933,1310,2890,12
30,23,2021-08-06 16:24:56.942691,2021-08-06 08:25:14.200000,2021-8-6 8:24:56.199999999,1300,1507,-10395,-1162,10567.748956140093,125,272,12,4,1.2847238273756814,103.81157926224182,38.90201382271363,992,2196,12
30,23,2021-08-06 16:24:57.010933,2021-08-06 08:25:14.300000,2021-8-6 8:24:56.300000000,1300,1482,-10492,-1145,10657.83341021992,167,326,12,3,1.2847236722585613,103.8115783418774,38.91915206973721,897,1990,12
30,23,2021-08-06 16:24:57.106560,2021-08-06 08:25:14.400000,2021-8-6 8:24:56.400000000,1300,1471,-10579,-1149,10742.405829235833,172,337,12,3,1.2847236101510642,103.81157748393149,38.92823771945006,824,1831,12
30,23,2021-08-06 16:24:57.207747,2021-08-06 08:25:14.500000,2021-8-6 8:24:56.500000002,1300,1472,-10667,-1135,10827.73743678706,149,294,12,3,1.2847236359292438,103.81157657815666,38.912141426653434,846,1883,12
30,23,2021-08-06 16:24:57.311771,2021-08-06 08:25:14.600000,2021-8-6 8:24:56.600000002,1300,1466,-10769,-1122,10926.088092267973,144,286,12,3,1.2847236050131547,103.81157555552967,38.90467168593493,818,1824,13
30,23,2021-08-06 16:24:57.411321,2021-08-06 08:25:14.700000,2021-8-6 8:24:56.700000002,1300,1460,-10867,-1102,11019.877177173981,138,282,12,3,1.284723502911055,103.81157455473729,38.90580149479917,921,2057,13
30,23,2021-08-06 16:24:57.513614,2021-08-06 08:25:14.800000,2021-8-6 8:24:56.800000003,1300,1453,-10949,-1125,11102.136506096473,125,260,13,3,1.2847234542219461,103.81157367330597,38.939631420819985,704,1575,13
30,23,2021-08-06 16:24:57.587938,2021-08-06 08:25:14.900000,2021-8-6 8:24:56.900000003,1300,1452,-11041,-1144,11194.673778185766,133,280,13,3,1.2847235132720816,103.81157276360314,38.95497013311877,776,1738,13
30,23,2021-08-06 16:24:57.797266,2021-08-06 08:25:15.000000,2021-8-6 8:24:57.000000004,1300,1442,-11127,-1120,11275.810081763528,131,273,13,3,1.2847233882154265,103.81157196358514,38.95115759612202,1233,2763,13
30,23,2021-08-06 16:24:57.862548,2021-08-06 08:25:15.100000,2021-8-6 8:24:57.100000003,1300,1415,-11222,-1129,11367.064264795901,133,263,13,3,1.2847230961610514,103.81157117459951,38.967145893329054,1144,2556,13
30,23,2021-08-06 16:24:57.911925,2021-08-06 08:25:15.200000,2021-8-6 8:24:57.200000002,1300,1356,-11296,-1130,11433.077101113244,96,188,13,3,1.2847225377929385,103.8115704315364,39.018200760950116,1115,2484,13
30,23,2021-08-06 16:24:58.018336,2021-08-06 08:25:15.300000,2021-8-6 8:24:57.300000003,1300,1271,-11355,-1152,11483.839514726771,92,181,13,3,1.284721763828024,103.8115697884417,39.084409583332324,1031,2290,13
31,24,2021-08-06 16:24:58.087570,2021-08-06 08:25:15.400000,2021-8-6 8:24:57.400000002,1300,1191,-11392,-1150,11511.67429177876,91,181,13,3,1.2847210531091224,103.81156937708408,39.109832653099645,1058,2345,13
31,24,2021-08-06 16:24:58.217174,2021-08-06 08:25:15.500000,2021-8-6 8:24:57.500000003,1300,1117,-11417,-1142,11528.21503963211,94,188,13,3,1.2847203984612188,103.8115690250769,39.12857565144639,1047,2314,13
31,24,2021-08-06 16:24:58.313632,2021-08-06 08:25:15.600000,2021-8-6 8:24:57.600000003,1300,1038,-11448,-1126,11549.979393921012,91,187,13,3,1.284719708355837,103.81156864953999,39.1424572384702,992,2190,13
31,24,2021-08-06 16:24:58.417157,2021-08-06 08:25:15.700000,2021-8-6 8:24:57.700000004,1300,972,-11475,-1117,11570.138201421796,87,181,13,3,1.2847191398050768,103.81156835325842,39.14048788559619,936,2064,13
31,24,2021-08-06 16:24:58.582923,2021-08-06 08:25:15.800000,2021-8-6 8:24:57.800000003,1300,905,-11487,-1114,11576.320227084252,98,206,13,3,1.2847185125213763,103.81156820216592,39.16288303637579,1046,2306,13
31,24,2021-08-06 16:24:58.621811,2021-08-06 08:25:15.900000,2021-8-6 8:24:57.900000004,1300,842,-11493,-1107,11576.850262485043,105,223,13,3,1.2847179237951296,103.81156817949913,39.171466435636475,840,1849,13
31,24,2021-08-06 16:24:58.790509,2021-08-06 08:25:16.000000,2021-8-6 8:24:58.000000004,1300,780,-11501,-1121,11581.797874250786,130,277,13,3,1.2847173644219214,103.81156818622026,39.2060732637941,890,1958,13
31,24,2021-08-06 16:24:58.870719,2021-08-06 08:25:16.100000,2021-8-6 8:24:58.100000005,1300,720,-11510,-1110,11585.793024217202,119,262,14,3,1.2847168124717172,103.81156813107532,39.204290649256556,821,1805,14
31,24,2021-08-06 16:24:58.909689,2021-08-06 08:25:16.200000,2021-8-6 8:24:58.200000006,1300,658,-11518,-1126,11591.598854342743,114,251,14,3,1.2847162857256698,103.8115681250661,39.226732312444454,921,2025,14
31,24,2021-08-06 16:24:59.124106,2021-08-06 08:25:16.300000,2021-8-6 8:24:58.300000007,1300,590,-11522,-1169,11596.169410628667,120,259,14,3,1.2847156780525881,103.81156823195124,39.26823100260877,1026,2256,14
31,24,2021-08-06 16:24:59.143277,2021-08-06 08:25:16.400000,2021-8-6 8:24:58.400000008,1300,548,-11499,-1151,11569.447091369579,137,294,14,3,1.2847152161140332,103.81156859434513,39.26017864080266,1164,2558,14
31,24,2021-08-06 16:24:59.219447,2021-08-06 08:25:16.500000,2021-8-6 8:24:58.500000009,1300,492,-11477,-1136,11543.573493507112,119,260,13,3,1.2847146850618238,103.81156894647357,39.23664800917416,1101,2424,13
31,24,2021-08-06 16:24:59.315343,2021-08-06 08:25:16.600000,2021-8-6 8:24:58.600000009,1300,433,-11464,-1151,11529.769555372735,119,261,13,3,1.284714107895559,103.81156922312819,39.25455591397278,1134,2501,13
31,24,2021-08-06 16:24:59.418094,2021-08-06 08:25:16.700000,2021-8-6 8:24:58.700000010,1300,384,-11426,-1098,11485.057074303113,116,258,13,3,1.2847137088264917,103.81156975334738,39.17129396650832,1176,2605,13
31,24,2021-08-06 16:24:59.517388,2021-08-06 08:25:16.800000,2021-8-6 8:24:58.800000010,1300,327,-11403,-1144,11464.906192376804,134,302,13,3,1.2847132648842847,103.81157011433217,39.190745134638064,1180,2625,13
31,24,2021-08-06 16:24:59.581027,2021-08-06 08:25:16.900000,2021-8-6 8:24:58.900000011,1300,301,-11373,-1139,11433.855473986017,115,259,13,3,1.2847130884943303,103.81157053976182,39.16341374568403,1092,2440,13
31,24,2021-08-06 16:24:59.875005,2021-08-06 08:25:17.000000,2021-8-6 8:24:59.000000012,1300,259,-11329,-1152,11390.365490185115,118,268,13,3,1.2847127941058443,103.81157110200525,39.14562912748088,1182,2650,13
31,24,2021-08-06 16:24:59.878995,2021-08-06 08:25:17.100000,2021-8-6 8:24:59.100000012,1300,232,-11283,-1162,11345.049889709608,114,261,13,3,1.2847125955620058,103.81157160796772,39.14150102491963,1138,2560,13
31,24,2021-08-06 16:24:59.915813,2021-08-06 08:25:17.200000,2021-8-6 8:24:59.200000013,1300,218,-11226,-1172,11289.11794605761,118,271,13,3,1.2847124656466202,103.81157212803585,39.146418614426366,1227,2770,13
31,24,2021-08-06 16:25:00.049074,2021-08-06 08:25:17.300000,2021-8-6 8:24:59.300000014,1300,216,-11170,-1202,11236.563531614103,99,220,14,3,1.2847124239279164,103.8115726941633,39.16584880407399,1021,2310,14
32,25,2021-08-06 16:25:00.117699,2021-08-06 08:25:17.400000,2021-8-6 8:24:59.400000014,1300,238,-11124,-1189,11189.894592890498,94,210,14,3,1.284712604483321,103.81157318559013,39.14385827668847,1027,2329,14
32,25,2021-08-06 16:25:00.220813,2021-08-06 08:25:17.500000,2021-8-6 8:24:59.500000015,1300,280,-11067,-1155,11130.629541944158,98,217,15,3,1.2847130042327501,103.81157361040756,39.12159255254904,1191,2705,15
32,25,2021-08-06 16:25:00.317686,2021-08-06 08:25:17.600000,2021-8-6 8:24:59.600000015,1300,304,-11011,-1135,11073.516243723128,85,188,15,3,1.284713219607064,103.8115741017292,39.10496124538533,1080,2457,15
32,25,2021-08-06 16:25:00.420725,2021-08-06 08:25:17.700000,2021-8-6 8:24:59.700000016,1300,313,-10953,-1133,11015.891566278238,95,214,15,3,1.284713338548048,103.81157454981577,39.10774735043011,1127,2570,15
32,25,2021-08-06 16:25:00.557495,2021-08-06 08:25:17.800000,2021-8-6 8:24:59.800000016,1300,321,-10910,-1124,10972.443529132424,93,209,15,3,1.2847134927343742,103.81157497110682,39.09472164482455,1187,2712,15
32,25,2021-08-06 16:25:00.622514,2021-08-06 08:25:17.900000,2021-8-6 8:24:59.900000017,1300,331,-10852,-1142,10916.942291685891,104,204,15,3,1.284713620644323,103.81157544838368,39.09968540984633,1132,2582,15
32,25,2021-08-06 16:25:00.870286,2021-08-06 08:25:18.000000,2021-8-6 8:25:0.000000018,1300,334,-10795,-1142,10860.374993525777,113,223,15,3,1.2847136784000006,103.81157603458689,39.08889722976218,1197,2727,15
32,25,2021-08-06 16:25:00.884319,2021-08-06 08:25:18.100000,2021-8-6 8:25:0.100000018,1300,333,-10738,-1159,10805.499248068087,110,217,15,3,1.284713681842271,103.81157666184713,39.09652193665996,1077,2450,15
32,25,2021-08-06 16:25:00.924173,2021-08-06 08:25:18.200000,2021-8-6 8:25:0.200000019,1300,329,-10673,-1176,10742.632172796386,107,212,15,3,1.284713652686476,103.81157730706055,39.1027577735975,983,2235,15
32,25,2021-08-06 16:25:01.051882,2021-08-06 08:25:18.300000,2021-8-6 8:25:0.300000019,1300,327,-10601,-1163,10669.615691298352,93,178,15,3,1.2847136291558436,103.81157795242682,39.08117151375121,908,2066,15
32,25,2021-08-06 16:25:01.124518,2021-08-06 08:25:18.400000,2021-8-6 8:25:0.400000020,1300,326,-10514,-1149,10581.619583031701,96,184,15,3,1.2847136427302865,103.81157875479146,39.058059680227075,899,2045,15
32,25,2021-08-06 16:25:01.189264,2021-08-06 08:25:18.500000,2021-8-6 8:25:0.500000020,1300,323,-10422,-1117,10486.66305361243,94,186,15,3,1.2847136419339553,103.81157956337127,39.01994514763736,910,2072,15
32,25,2021-08-06 16:25:01.318669,2021-08-06 08:25:18.600000,2021-8-6 8:25:0.600000021,1300,324,-10343,-1073,10403.554873215213,92,186,15,3,1.2847137277392173,103.81158032529947,38.96603900614048,936,2131,15
32,25,2021-08-06 16:25:01.398894,2021-08-06 08:25:18.700000,2021-8-6 8:25:0.700000021,1300,329,-10247,-1057,10306.62403505629,113,210,14,3,1.2847137880293935,103.81158117348893,38.93617979444595,937,2117,14
32,25,2021-08-06 16:25:01.560885,2021-08-06 08:25:18.800000,2021-8-6 8:25:0.800000021,1300,344,-10139,-1067,10200.791439883476,108,200,14,3,1.2847139157540177,103.81158210870012,38.94185089442726,930,2088,14
32,25,2021-08-06 16:25:01.589888,2021-08-06 08:25:18.900000,2021-8-6 8:25:0.900000022,1300,362,-10034,-1049,10095.177115831104,106,193,14,3,1.2847140861192834,103.81158305811152,38.93270649549351,946,2106,14
32,25,2021-08-06 16:25:01.808682,2021-08-06 08:25:19.000000,2021-8-6 8:25:1.000000023,1300,361,-9951,-1005,10008.134041868145,227,320,13,3,1.28471413039513,103.81158394112269,38.91720244317887,1181,2517,13
32,25,2021-08-06 16:25:01.812630,2021-08-06 08:25:19.100000,2021-8-6 8:25:1.100000022,1300,357,-9842,-997,9898.809120293208,237,334,13,3,1.2847140907331136,103.81158483405623,38.891107077541896,1269,2606,13
32,25,2021-08-06 16:25:01.910464,2021-08-06 08:25:19.200000,2021-8-6 8:25:1.200000023,1300,337,-9755,-1004,9812.319297699194,230,322,13,3,1.2847139329564805,103.8115855242174,38.87795035878265,1341,2667,13
32,25,2021-08-06 16:25:02.011373,2021-08-06 08:25:19.300000,2021-8-6 8:25:1.300000024,1300,322,-9634,-1009,9692.044211620168,226,314,13,3,1.2847138245405323,103.8115864907312,38.86333221536148,1407,2722,13
33,26,2021-08-06 16:25:02.111802,2021-08-06 08:25:19.400000,2021-8-6 8:25:1.400000024,1300,297,-9519,-999,9575.884867728935,216,299,13,3,1.2847136232161918,103.81158739619751,38.84493651165784,1455,2745,13
33,26,2021-08-06 16:25:02.208314,2021-08-06 08:25:19.500000,2021-8-6 8:25:1.500000024,1300,273,-9401,-1015,9459.574779026803,240,331,13,3,1.2847133955516505,103.81158834286431,38.85756793611133,1545,2849,13
33,26,2021-08-06 16:25:02.312285,2021-08-06 08:25:19.600000,2021-8-6 8:25:1.600000028,1300,262,-9295,-1004,9352.736765246844,314,432,14,3,1.2847131757942625,103.81158889163451,38.771105692214014,2142,3872,14
33,26,2021-08-06 16:25:02.416204,2021-08-06 08:25:19.700000,2021-8-6 8:25:1.700000027,1300,262,-9190,-999,9247.850831409425,315,432,14,3,1.284713040928536,103.81158940070121,38.701493756512285,1958,3478,14
33,26,2021-08-06 16:25:02.553959,2021-08-06 08:25:19.800000,2021-8-6 8:25:1.800000028,1300,264,-9056,-1023,9117.420742732014,294,403,14,3,1.2847129303174474,103.8115901894298,38.66408042082632,2069,3615,14
33,26,2021-08-06 16:25:02.594774,2021-08-06 08:25:19.900000,2021-8-6 8:25:1.900000029,1300,268,-8931,-1032,8994.420993037851,255,349,15,3,1.284712892053914,103.81159108787426,38.64934023160131,1972,3419,15
33,26,2021-08-06 16:25:02.849425,2021-08-06 08:25:20.000000,2021-8-6 8:25:2.000000028,1300,270,-8829,-990,8888.43298900318,254,345,15,3,1.2847128529919658,103.81159184551821,38.58835258767819,1981,3413,15
33,26,2021-08-06 16:25:02.853232,2021-08-06 08:25:20.100000,2021-8-6 8:25:2.100000029,1300,257,-8715,-997,8775.6072724342,203,291,15,3,1.2847127005993997,103.81159273951964,38.58745069795777,1793,3096,15
33,26,2021-08-06 16:25:02.890824,2021-08-06 08:25:20.200000,2021-8-6 8:25:2.200000030,1300,247,-8595,-1006,8657.197583513964,192,283,15,3,1.2847125885398136,103.81159374033032,38.59585483723592,1637,2833,15
33,26,2021-08-06 16:25:03.043946,2021-08-06 08:25:20.300000,2021-8-6 8:25:2.300000031,1300,241,-8482,-1001,8544.261583074338,192,289,15,3,1.2847125104669255,103.81159477734624,38.60618806613805,1597,2769,15
33,26,2021-08-06 16:25:03.093234,2021-08-06 08:25:20.400000,2021-8-6 8:25:2.400000032,1300,226,-8367,-1013,8431.128868662843,183,280,15,3,1.284712244426129,103.81159585266484,38.642412767664794,1623,2813,15
33,26,2021-08-06 16:25:03.216278,2021-08-06 08:25:20.500000,2021-8-6 8:25:2.500000031,1300,213,-8249,-1003,8312.483323291543,174,269,15,3,1.2847120186631893,103.8115969824252,38.66258435112334,1617,2802,15
33,26,2021-08-06 16:25:03.315470,2021-08-06 08:25:20.600000,2021-8-6 8:25:2.600000031,1300,222,-8122,-996,8185.852673973555,166,259,15,3,1.284711948201025,103.81159824637605,38.692282736887336,1644,2848,15
33,26,2021-08-06 16:25:03.421540,2021-08-06 08:25:20.700000,2021-8-6 8:25:2.700000032,1300,231,-8000,-1003,8065.938879014643,179,280,15,3,1.2847118954805001,103.81159946197751,38.72699206564495,1631,2823,15
33,26,2021-08-06 16:25:03.545493,2021-08-06 08:25:20.800000,2021-8-6 8:25:2.800000033,1300,240,-7883,-1030,7953.627411439386,179,283,15,3,1.2847118198255132,103.81160048189786,38.76649286527357,1552,2707,15
33,26,2021-08-06 16:25:03.592876,2021-08-06 08:25:20.900000,2021-8-6 8:25:2.900000032,1300,251,-7779,-1024,7850.122164654509,174,276,15,3,1.2847117675023,103.81160143553745,38.785604715629965,1495,2627,15
33,26,2021-08-06 16:25:03.867111,2021-08-06 08:25:21.000000,2021-8-6 8:25:3.000000033,1300,251,-7671,-1004,7740.494687033898,155,258,15,3,1.284711635272218,103.81160246932636,38.78895568331927,1469,2606,15
33,26,2021-08-06 16:25:03.877938,2021-08-06 08:25:21.100000,2021-8-6 8:25:3.100000034,1300,242,-7556,-1014,7627.57471284287,141,238,15,3,1.2847115779014031,103.81160352073715,38.795953015215176,1303,2337,15
33,26,2021-08-06 16:25:03.914060,2021-08-06 08:25:21.200000,2021-8-6 8:25:3.200000035,1300,231,-7452,-1029,7526.254446934411,141,242,15,3,1.2847114639705324,103.81160442231216,38.795372795804745,1202,2178,15
33,26,2021-08-06 16:25:04.080070,2021-08-06 08:25:21.300000,2021-8-6 8:25:3.300000036,1300,219,-7351,-1024,7425.209626670482,154,243,15,3,1.2847113562232968,103.81160539545542,38.79596661149303,1184,2166,15
34,27,2021-08-06 16:25:04.118941,2021-08-06 08:25:21.400000,2021-8-6 8:25:3.400000035,1300,195,-7242,-1036,7318.325286566593,154,246,15,3,1.2847111369738105,103.81160638224377,38.809384006003036,1161,2144,15
34,27,2021-08-06 16:25:04.215953,2021-08-06 08:25:21.500000,2021-8-6 8:25:3.500000036,1300,185,-7125,-1024,7200.5851151139095,161,260,15,3,1.2847110307776202,103.81160746609943,38.8007934406732,1187,2210,15
34,27,2021-08-06 16:25:04.315564,2021-08-06 08:25:21.600000,2021-8-6 8:25:3.600000037,1300,179,-7002,-1025,7078.8890371300495,140,229,15,3,1.284710990522363,103.81160862136763,38.820933799679715,1213,2277,15
34,27,2021-08-06 16:25:04.395458,2021-08-06 08:25:21.700000,2021-8-6 8:25:3.700000038,1300,173,-6882,-1042,6962.58694739247,128,212,15,3,1.2847109618456463,103.81160974310903,38.850150244639146,1178,2229,15
34,27,2021-08-06 16:25:04.555580,2021-08-06 08:25:21.800000,2021-8-6 8:25:3.800000038,1300,182,-6773,-1069,6859.2575399965845,130,217,15,3,1.2847110486907174,103.81161078032667,38.88838779134233,1161,2212,15
34,27,2021-08-06 16:25:04.614446,2021-08-06 08:25:21.900000,2021-8-6 8:25:3.900000037,1300,189,-6665,-1081,6754.7395952767865,140,236,15,3,1.2847110834525832,103.81161170966867,38.901928827042134,1191,2285,15
34,27,2021-08-06 16:25:04.880359,2021-08-06 08:25:22.000000,2021-8-6 8:25:4.000000038,1300,196,-6546,-1054,6633.207972014748,122,208,15,3,1.2847111386250751,103.8116128147565,38.890995229928954,1178,2273,15
34,27,2021-08-06 16:25:04.893315,2021-08-06 08:25:22.100000,2021-8-6 8:25:4.100000039,1300,187,-6436,-1051,6523.930257137947,190,256,14,3,1.284711082661092,103.81161394163107,38.91858686833118,1218,2340,15
34,27,2021-08-06 16:25:04.918565,2021-08-06 08:25:22.200000,2021-8-6 8:25:4.200000041,1300,173,-6321,-1072,6413.591349626198,157,225,14,3,1.2847109526349896,103.81161496418775,38.956464626578025,1188,2281,15
34,27,2021-08-06 16:25:05.045310,2021-08-06 08:25:22.300000,2021-8-6 8:25:4.300000042,1300,148,-6223,-1069,6315.88426113082,136,198,15,3,1.2847105709082443,103.81161595310704,39.01359330260298,1370,2625,15
34,27,2021-08-06 16:25:05.122916,2021-08-06 08:25:22.400000,2021-8-6 8:25:4.400000040,1300,126,-6128,-1054,6219.258476699613,121,182,15,3,1.2847101904306555,103.81161684961369,39.054783807667235,1362,2604,15
34,27,2021-08-06 16:25:05.221331,2021-08-06 08:25:22.500000,2021-8-6 8:25:4.500000041,1300,111,-6004,-1046,6095.445266754513,110,169,15,3,1.284709895631546,103.81161790874314,39.08550764334698,1296,2471,15
34,27,2021-08-06 16:25:05.324019,2021-08-06 08:25:22.600000,2021-8-6 8:25:4.600000042,1300,99,-5884,-1053,5978.299591020845,102,159,15,3,1.2847096373233062,103.81161900529447,39.13959898655502,1299,2471,15
34,27,2021-08-06 16:25:05.423077,2021-08-06 08:25:22.700000,2021-8-6 8:25:4.700000043,1300,98,-5768,-1075,5868.138802039365,101,160,15,3,1.2847095123798817,103.81162003216171,39.19831841052181,1242,2357,15
34,27,2021-08-06 16:25:05.551936,2021-08-06 08:25:22.800000,2021-8-6 8:25:4.800000044,1300,119,-5662,-1062,5761.965723605096,98,157,15,3,1.2847095548608731,103.81162088719717,39.21676594629741,1191,2268,15
34,27,2021-08-06 16:25:05.629780,2021-08-06 08:25:22.900000,2021-8-6 8:25:4.900000042,1300,133,-5556,-1068,5659.279901188843,100,163,15,3,1.2847095589325426,103.81162174562509,39.24805040327334,1214,2319,15
34,27,2021-08-06 16:25:05.891113,2021-08-06 08:25:23.000000,2021-8-6 8:25:5.000000043,1300,144,-5437,-1055,5540.282483772827,106,173,15,3,1.2847095648427584,103.81162278641118,39.25432116459173,1183,2254,15
34,27,2021-08-06 16:25:05.904063,2021-08-06 08:25:23.100000,2021-8-6 8:25:5.100000044,1300,137,-5322,-1060,5428.2642713854675,99,164,15,3,1.2847093856435547,103.81162376123798,39.28059321345902,1206,2292,15
34,27,2021-08-06 16:25:05.917620,2021-08-06 08:25:23.200000,2021-8-6 8:25:5.200000045,1300,129,-5223,-1056,5330.244459684753,102,170,15,3,1.2847092071112756,103.81162461888759,39.29611429124392,1196,2268,15
34,27,2021-08-06 16:25:06.051615,2021-08-06 08:25:23.300000,2021-8-6 8:25:5.300000046,1300,126,-5114,-1060,5224.219750355071,105,166,15,3,1.2847090541173805,103.81162556941501,39.32129571735303,1269,2401,15
35,28,2021-08-06 16:25:06.120401,2021-08-06 08:25:23.400000,2021-8-6 8:25:5.400000045,1300,100,-5026,-1070,5139.60854540499,96,154,15,3,1.2847087338724914,103.81162633833931,39.34819394946676,1138,2147,15
35,28,2021-08-06 16:25:06.218350,2021-08-06 08:25:23.500000,2021-8-6 8:25:5.500000046,1300,82,-4921,-1059,5034.326767304641,108,175,15,3,1.2847084814166019,103.81162722331332,39.346292309685964,1210,2278,15
35,28,2021-08-06 16:25:06.323278,2021-08-06 08:25:23.600000,2021-8-6 8:25:5.600000047,1300,74,-4805,-1047,4918.303569321438,102,166,15,3,1.284708344974876,103.81162823913391,39.34368376197461,1260,2369,15
35,28,2021-08-06 16:25:06.423205,2021-08-06 08:25:23.700000,2021-8-6 8:25:5.700000048,1300,71,-4683,-1063,4802.65541133236,98,160,15,3,1.284708217459922,103.81162929883259,39.37538675468381,1217,2283,15
35,28,2021-08-06 16:25:06.560150,2021-08-06 08:25:23.800000,2021-8-6 8:25:5.800000049,1300,82,-4576,-1086,4703.817173317858,100,166,15,3,1.2847082784096928,103.81163029964752,39.4279039675305,1287,2409,15
35,28,2021-08-06 16:25:06.619191,2021-08-06 08:25:23.900000,2021-8-6 8:25:5.900000048,1300,104,-4482,-1090,4613.809705655403,102,170,15,3,1.2847084038170207,103.81163121962192,39.459108528090724,1287,2405,15
35,28,2021-08-06 16:25:06.866406,2021-08-06 08:25:24.000000,2021-8-6 8:25:6.000000048,1300,114,-4370,-1087,4504.604866134209,108,181,15,3,1.284708433131424,103.81163230191521,39.48713101754212,1301,2427,15
35,28,2021-08-06 16:25:06.871392,2021-08-06 08:25:24.100000,2021-8-6 8:25:6.100000049,1300,113,-4272,-1080,4407.851290594999,102,172,15,3,1.2847083259792866,103.8116332872041,39.523930838924855,1314,2445,15
35,28,2021-08-06 16:25:06.920833,2021-08-06 08:25:24.200000,2021-8-6 8:25:6.200000050,1300,109,-4180,-1085,4319.89652653857,103,175,15,3,1.2847081525931145,103.81163417847209,39.573466141464685,1253,2342,15
35,28,2021-08-06 16:25:07.059417,2021-08-06 08:25:24.300000,2021-8-6 8:25:6.300000049,1300,100,-4103,-1107,4250.889083474185,92,143,15,4,1.2847079742162708,103.81163510554849,39.622418640761246,1255,2353,15
35,28,2021-08-06 16:25:07.104567,2021-08-06 08:25:24.400000,2021-8-6 8:25:6.400000050,1300,74,-4009,-1126,4164.7848683935645,103,162,15,4,1.284707618556724,103.81163594634498,39.670062905880634,1189,2241,15
35,28,2021-08-06 16:25:07.227653,2021-08-06 08:25:24.500000,2021-8-6 8:25:6.500000051,1300,56,-3915,-1096,4065.904204478999,91,150,15,4,1.2847073669828821,103.81163686927619,39.667803494142746,1136,2151,15
35,28,2021-08-06 16:25:07.305739,2021-08-06 08:25:24.600000,2021-8-6 8:25:6.600000052,1300,38,-3808,-1086,3960.01313129136,89,149,15,4,1.2847071051012855,103.81163785817004,39.68536966745925,1131,2152,15
35,28,2021-08-06 16:25:07.434532,2021-08-06 08:25:24.700000,2021-8-6 8:25:6.700000050,1300,33,-3703,-1077,3856.582295245364,85,144,15,4,1.284706942556956,103.81163885123173,39.70583538572882,1097,2095,15
35,28,2021-08-06 16:25:07.548562,2021-08-06 08:25:24.800000,2021-8-6 8:25:6.800000050,1300,28,-3593,-1094,3755.9644567008354,91,160,15,4,1.2847067973423323,103.8116399299142,39.753310283662145,1176,2257,15
35,28,2021-08-06 16:25:07.593601,2021-08-06 08:25:24.900000,2021-8-6 8:25:6.900000051,1300,27,-3485,-1123,3661.5683798066643,98,165,15,4,1.2847067127986003,103.8116410280299,39.82024383541327,1245,2383,15
35,28,2021-08-06 16:25:07.891338,2021-08-06 08:25:25.000000,2021-8-6 8:25:7.000000052,1300,31,-3399,-1097,3571.7742089891403,117,186,14,4,1.2847066475574018,103.8116417859901,39.82657574352765,1272,2409,14
35,28,2021-08-06 16:25:07.895358,2021-08-06 08:25:25.100000,2021-8-6 8:25:7.100000051,1300,30,-3293,-1075,3464.1555969673186,122,195,14,4,1.2847065479239976,103.81164272589403,39.8307327788389,1254,2349,14
35,28,2021-08-06 16:25:07.914208,2021-08-06 08:25:25.200000,2021-8-6 8:25:7.200000052,1300,19,-3192,-1062,3364.0851653904365,120,200,14,4,1.284706395582871,103.81164361453581,39.84224051126665,1308,2429,14
35,28,2021-08-06 16:25:08.042142,2021-08-06 08:25:25.300000,2021-8-6 8:25:7.300000053,1300,7,-3089,-1084,3273.686912335998,107,175,13,4,1.284706261057541,103.8116445230935,39.876544128020385,1209,2228,14
35,28,2021-08-06 16:25:08.090752,2021-08-06 08:25:25.400000,2021-8-6 8:25:7.400000055,1300,-16,-3021,-1077,3207.277038236641,111,183,13,4,1.2847060446434475,103.8116451381348,39.88761348584733,1332,2435,14
36,29,2021-08-06 16:25:08.217149,2021-08-06 08:25:25.500000,2021-8-6 8:25:7.500000056,1300,-36,-2917,-1086,3112.809181430818,109,181,14,4,1.2847058790908628,103.81164617734099,39.92114948941706,1300,2373,15
36,29,2021-08-06 16:25:08.319094,2021-08-06 08:25:25.600000,2021-8-6 8:25:7.600000054,1300,-51,-2811,-1073,3009.26087270612,111,187,14,4,1.2847057131132305,103.81164725019377,39.94313464118137,1375,2505,15
36,29,2021-08-06 16:25:08.421822,2021-08-06 08:25:25.700000,2021-8-6 8:25:7.700000055,1300,-58,-2707,-1069,2911.009103386659,109,184,14,4,1.2847056694543864,103.81164827730221,39.95568097593821,1357,2469,15
36,29,2021-08-06 16:25:08.571783,2021-08-06 08:25:25.800000,2021-8-6 8:25:7.800000056,1300,-49,-2597,-1062,2806.181391143488,122,208,14,4,1.2847057462653981,103.81164935140804,39.96719881306095,1263,2295,15
36,29,2021-08-06 16:25:08.622903,2021-08-06 08:25:25.900000,2021-8-6 8:25:7.900000058,1300,-31,-2485,-1080,2709.7206498087585,121,207,15,4,1.284705939200122,103.81165042354532,40.002544987948575,1221,2227,15
36,29,2021-08-06 16:25:08.841663,2021-08-06 08:25:26.000000,2021-8-6 8:25:8.000000057,1300,-22,-2399,-1087,2633.86673922581,167,281,14,4,1.284705981545347,103.81165105155087,39.99004461593866,1454,2660,14
36,29,2021-08-06 16:25:08.849641,2021-08-06 08:25:26.100000,2021-8-6 8:25:8.100000058,1300,-28,-2305,-1071,2541.820213941183,122,218,14,4,1.2847059483452847,103.81165177188882,39.96281384870307,1409,2589,14
36,29,2021-08-06 16:25:08.911138,2021-08-06 08:25:26.200000,2021-8-6 8:25:8.200000059,1300,-36,-2207,-1067,2451.6594380133633,134,230,13,4,1.284705844840856,103.81165244961144,39.9345508583409,1403,2571,13
36,29,2021-08-06 16:25:09.036494,2021-08-06 08:25:26.300000,2021-8-6 8:25:8.300000060,1300,-50,-2120,-1075,2377.503943214396,123,201,13,4,1.2847056985311718,103.81165307341762,39.93734642368373,1357,2479,13
36,29,2021-08-06 16:25:09.082993,2021-08-06 08:25:26.400000,2021-8-6 8:25:8.400000062,1300,-65,-2041,-1070,2305.386301685685,133,219,13,4,1.2847055049316167,103.81165365486625,39.93685662879296,1358,2473,13
36,29,2021-08-06 16:25:09.206775,2021-08-06 08:25:26.500000,2021-8-6 8:25:8.500000060,1300,-89,-1976,-1068,2247.9148115531425,143,238,13,4,1.2847052408343587,103.81165409833282,39.92934839991552,1234,2240,13
36,29,2021-08-06 16:25:09.307373,2021-08-06 08:25:26.600000,2021-8-6 8:25:8.600000062,1300,-107,-1895,-1044,2166.1971286104135,150,251,13,4,1.2847050347627404,103.81165469236731,39.894550206402286,1290,2336,13
36,29,2021-08-06 16:25:09.403956,2021-08-06 08:25:26.700000,2021-8-6 8:25:8.700000063,1300,-118,-1796,-1063,2090.3370541613617,144,242,13,4,1.2847048950817639,103.81165544512885,39.9038176287448,1265,2285,13
36,29,2021-08-06 16:25:09.541198,2021-08-06 08:25:26.800000,2021-8-6 8:25:8.800000064,1300,-135,-1714,-1055,2017.1876462044872,136,231,13,4,1.2847049839020097,103.81165605603572,39.82656214945746,1957,3540,15
36,29,2021-08-06 16:25:09.586517,2021-08-06 08:25:26.900000,2021-8-6 8:25:8.900000062,1300,-139,-1651,-1050,1961.5356229240397,128,219,13,4,1.2847051827884202,103.81165654540372,39.7612883940947,1844,3341,15
36,29,2021-08-06 16:25:09.881880,2021-08-06 08:25:27.000000,2021-8-6 8:25:9.000000064,1300,-136,-1563,-1082,1905.8302652649843,139,239,13,4,1.2847054237659254,103.81165719842383,39.72626812374221,1829,3313,15
36,29,2021-08-06 16:25:09.895802,2021-08-06 08:25:27.100000,2021-8-6 8:25:9.100000065,1300,-150,-1503,-1067,1849.3236601525434,115,199,13,4,1.2847055259912108,103.81165773585629,39.67077616452003,1653,3001,15
36,29,2021-08-06 16:25:09.922040,2021-08-06 08:25:27.200000,2021-8-6 8:25:9.200000067,1300,-169,-1441,-1058,1795.663108714995,110,182,15,4,1.2847055553170283,103.81165816547337,39.61657136641655,1585,2900,15
36,29,2021-08-06 16:25:10.045576,2021-08-06 08:25:27.300000,2021-8-6 8:25:9.300000065,1300,-172,-1369,-1072,1747.2632886889141,108,183,15,4,1.2847056980253455,103.81165872457665,39.584694821372864,1527,2815,15
36,29,2021-08-06 16:25:10.126707,2021-08-06 08:25:27.400000,2021-8-6 8:25:9.400000066,1300,-183,-1311,-1076,1705.8681074455903,108,190,15,4,1.2847057746797388,103.81165922578653,39.553226869069356,1513,2812,15
37,30,2021-08-06 16:25:10.215689,2021-08-06 08:25:27.500000,2021-8-6 8:25:9.500000067,1300,-193,-1269,-1063,1666.6070322664548,102,185,15,4,1.2847058378199825,103.81165960944739,39.507813698527904,1520,2848,15
37,30,2021-08-06 16:25:10.317101,2021-08-06 08:25:27.600000,2021-8-6 8:25:9.600000069,1300,-186,-1202,-1087,1631.2476819906901,105,186,15,4,1.2847060752212087,103.81166021470693,39.50021341495315,1449,2717,15
37,30,2021-08-06 16:25:10.397213,2021-08-06 08:25:27.700000,2021-8-6 8:25:9.700000070,1300,-160,-1143,-1079,1579.9651894899457,110,197,15,4,1.284706486186555,103.81166080661602,39.47387924238212,1396,2619,15
37,30,2021-08-06 16:25:10.558127,2021-08-06 08:25:27.800000,2021-8-6 8:25:9.800000068,1300,-110,-1096,-1069,1534.9517907738991,118,199,15,4,1.2847071091181528,103.81166118894657,39.43277242748639,1385,2580,15
37,30,2021-08-06 16:25:10.611417,2021-08-06 08:25:27.900000,2021-8-6 8:25:9.900000069,1300,-51,-1035,-1116,1522.9189078870877,122,208,15,4,1.2847077972070973,103.81166168318055,39.452530315595105,1427,2639,15
37,30,2021-08-06 16:25:10.863726,2021-08-06 08:25:28.000000,2021-8-6 8:25:10.000000070,1300,23,-1041,-1076,1497.326283747133,122,208,15,4,1.2847085710591468,103.81166161713315,39.405284609716034,1485,2728,15
37,30,2021-08-06 16:25:10.870173,2021-08-06 08:25:28.100000,2021-8-6 8:25:10.100000072,1300,100,-1048,-1075,1504.6358363404747,214,293,14,4,1.2847093499919853,103.81166139361528,39.35932918126388,1524,2743,14
37,30,2021-08-06 16:25:10.945161,2021-08-06 08:25:28.200000,2021-8-6 8:25:10.200000070,1300,182,-1034,-1106,1524.9642618763235,294,402,14,4,1.2847101369819502,103.81166129797406,39.332103622788836,1687,2981,14
37,30,2021-08-06 16:25:11.035056,2021-08-06 08:25:28.300000,2021-8-6 8:25:10.300000072,1300,250,-1037,-1110,1539.470363469203,282,387,14,4,1.2847108568499783,103.81166115201381,39.29988052069399,1531,2658,14
37,30,2021-08-06 16:25:11.119051,2021-08-06 08:25:28.400000,2021-8-6 8:25:10.400000073,1300,307,-1084,-1056,1544.1635276096895,228,317,13,4,1.2847114525357215,103.81166074888539,39.26031707260917,1686,2886,13
37,30,2021-08-06 16:25:11.182852,2021-08-06 08:25:28.500000,2021-8-6 8:25:10.500000075,1300,362,-1096,-1085,1584.1354108787543,179,250,13,4,1.2847120167198984,103.81166057224311,39.2546335947933,1853,3130,13
37,30,2021-08-06 16:25:11.288678,2021-08-06 08:25:28.600000,2021-8-6 8:25:10.600000076,1300,406,-1117,-1095,1616.0290838966978,200,279,13,4,1.284712453662472,103.81166032204172,39.2461827179701,1800,3003,13
37,30,2021-08-06 16:25:11.410866,2021-08-06 08:25:28.700000,2021-8-6 8:25:10.700000075,1300,445,-1123,-1099,1633.0814431619754,203,283,13,4,1.2847128129904493,103.81166019200431,39.24740998981597,1809,2982,13
37,30,2021-08-06 16:25:11.538825,2021-08-06 08:25:28.800000,2021-8-6 8:25:10.800000076,1300,480,-1132,-1094,1645.8007169763903,241,337,12,4,1.284713138718226,103.81166004746399,39.24213477106196,1868,3048,12
37,30,2021-08-06 16:25:11.609457,2021-08-06 08:25:28.900000,2021-8-6 8:25:10.900000078,1300,510,-1150,-1091,1665.1969853443766,243,340,12,4,1.2847133909816526,103.81165984982977,39.24192462170773,1821,2943,12
37,30,2021-08-06 16:25:11.788408,2021-08-06 08:25:29.000000,2021-8-6 8:25:11.000000078,1300,537,-1167,-1099,1690.5794864483598,260,363,12,4,1.2847135912025842,103.81165970355009,39.25523492568318,1821,2918,12
37,30,2021-08-06 16:25:11.854553,2021-08-06 08:25:29.100000,2021-8-6 8:25:11.100000079,1300,572,-1183,-1104,1716.2426984549709,266,372,13,4,1.284713920505031,103.81165981140917,39.30178996281815,1957,3137,13
37,30,2021-08-06 16:25:11.918504,2021-08-06 08:25:29.200000,2021-8-6 8:25:11.200000079,1300,594,-1210,-1084,1729.7375523471762,260,350,12,4,1.2847141843975671,103.81165986963698,39.32716716616817,1762,2827,13
37,30,2021-08-06 16:25:12.031479,2021-08-06 08:25:29.300000,2021-8-6 8:25:11.300000080,1300,617,-1211,-1070,1729.7716612316206,247,333,12,4,1.2847144293106934,103.81166011739366,39.35044669580235,1639,2643,13
37,30,2021-08-06 16:25:12.116148,2021-08-06 08:25:29.400000,2021-8-6 8:25:11.400000082,1300,659,-1195,-1107,1757.200899157521,268,361,12,4,1.284714814143022,103.81166035873561,39.38281275024122,1931,3128,13
38,31,2021-08-06 16:25:12.213603,2021-08-06 08:25:29.500000,2021-8-6 8:25:11.500000081,1300,711,-1195,-1100,1773.0047941277542,210,284,12,4,1.284715296494747,103.81166046911471,39.381399574200586,1864,3034,13
38,31,2021-08-06 16:25:12.325875,2021-08-06 08:25:29.600000,2021-8-6 8:25:11.600000082,1300,763,-1200,-1072,1780.8293011964959,202,272,12,4,1.2847157562386893,103.81166055614246,39.37559642523494,1890,3090,13
38,31,2021-08-06 16:25:12.414475,2021-08-06 08:25:29.700000,2021-8-6 8:25:11.700000083,1300,819,-1198,-1091,1815.55666394635,210,284,13,4,1.2847163131125805,103.81166073003129,39.40695623906274,1747,2863,14
38,31,2021-08-06 16:25:12.577894,2021-08-06 08:25:29.800000,2021-8-6 8:25:11.800000083,1300,873,-1195,-1104,1846.33962206307,235,317,13,4,1.2847168463239886,103.8116609042558,39.411741695245404,1640,2699,14
38,31,2021-08-06 16:25:12.586874,2021-08-06 08:25:29.900000,2021-8-6 8:25:11.900000083,1300,935,-1189,-1102,1871.456651915828,277,370,13,4,1.2847174412241535,103.81166110454136,39.412905551331335,1672,2760,14
38,31,2021-08-06 16:25:12.800820,2021-08-06 08:25:30.000000,2021-8-6 8:25:12.000000084,1300,973,-1206,-1077,1887.0861135623886,276,368,13,4,1.2847178647216841,103.81166113051383,39.391242024573245,1537,2545,14
38,31,2021-08-06 16:25:12.859923,2021-08-06 08:25:30.100000,2021-8-6 8:25:12.100000084,1300,1001,-1225,-1096,1924.5368273951008,258,342,13,4,1.2847181831648438,103.81166112993422,39.42317505186324,1622,2694,14
38,31,2021-08-06 16:25:12.891628,2021-08-06 08:25:30.200000,2021-8-6 8:25:12.200000085,1300,1043,-1217,-1136,1964.5442219507302,216,291,13,4,1.284718534827226,103.8116610309801,39.43119802568262,1499,2496,14
38,31,2021-08-06 16:25:13.057712,2021-08-06 08:25:30.300000,2021-8-6 8:25:12.300000085,1300,1083,-1239,-1137,2000.1947405190326,183,255,13,4,1.2847189348128765,103.81166084634047,39.432682884882276,1543,2575,14
38,31,2021-08-06 16:25:13.086584,2021-08-06 08:25:30.400000,2021-8-6 8:25:12.400000084,1300,1109,-1293,-1109,2032.6364652834504,200,287,13,4,1.2847191799784512,103.81166042792968,39.4431550106003,1552,2599,13
38,31,2021-08-06 16:25:13.218515,2021-08-06 08:25:30.500000,2021-8-6 8:25:12.500000086,1300,1111,-1342,-1132,2077.6691266898106,332,462,13,4,1.2847192833743522,103.81166017910375,39.506893620444906,1704,2847,13
38,31,2021-08-06 16:25:13.331922,2021-08-06 08:25:30.600000,2021-8-6 8:25:12.600000086,1300,1078,-1403,-1132,2100.45637898053,250,347,12,4,1.2847189701191364,103.81165955188078,39.52042695508928,1763,2915,12
38,31,2021-08-06 16:25:13.420653,2021-08-06 08:25:30.700000,2021-8-6 8:25:12.700000086,1300,1047,-1455,-1099,2102.625739402997,278,387,12,4,1.2847186756720133,103.81165895658145,39.50632211003514,2207,3612,12
38,31,2021-08-06 16:25:13.560352,2021-08-06 08:25:30.800000,2021-8-6 8:25:12.800000085,1300,1011,-1508,-1084,2114.5309172485513,242,339,13,4,1.2847183585873228,103.81165848071811,39.5122477153987,2138,3500,14
38,31,2021-08-06 16:25:13.617319,2021-08-06 08:25:30.900000,2021-8-6 8:25:12.900000085,1300,953,-1581,-1007,2102.812164697551,286,388,12,4,1.2847178006032243,103.81165765188572,39.496780894567095,2755,4457,12
38,31,2021-08-06 16:25:13.946788,2021-08-06 08:25:31.000000,2021-8-6 8:25:13.000000086,1300,918,-1554,-997,2061.9527152677388,243,346,11,4,1.2847174303332571,103.81165785354658,39.48181766905129,1334,2157,12
38,31,2021-08-06 16:25:13.954249,2021-08-06 08:25:31.100000,2021-8-6 8:25:13.100000083,1300,865,-1572,-881,1998.8921931910186,338,481,11,4,1.2847169297716445,103.81165773445473,39.41128474698094,1664,2692,12
38,31,2021-08-06 16:25:13.964223,2021-08-06 08:25:31.200000,2021-8-6 8:25:13.200000085,1300,824,-1565,-744,1918.785292835027,188,282,11,4,1.284716635533147,103.81165792847209,39.3187561467641,1300,2122,12
38,31,2021-08-06 16:25:14.115930,2021-08-06 08:25:31.300000,2021-8-6 8:25:13.300000086,1300,786,-1525,-673,1842.918880471954,172,258,12,4,1.2847162559404526,103.81165819694277,39.24574490614928,1665,2759,13
39,32,2021-08-06 16:25:14.140858,2021-08-06 08:25:31.400000,2021-8-6 8:25:13.400000087,1300,757,-1511,-585,1788.4057145961035,234,285,10,3,1.2847160264360464,103.81165828566382,39.21075714475709,1711,2768,10
39,32,2021-08-06 16:25:14.261852,2021-08-06 08:25:31.500000,2021-8-6 8:25:13.500000088,1300,739,-1528,-522,1775.7784208622427,318,385,10,3,1.2847158869904685,103.81165812306394,39.14466427671235,2039,3228,11
39,32,2021-08-06 16:25:14.344855,2021-08-06 08:25:31.600000,2021-8-6 8:25:13.600000090,1300,730,-1532,-499,1768.8767622420733,323,391,11,3,1.2847158107506635,103.81165810243303,39.11727072039979,1636,2577,12
39,32,2021-08-06 16:25:14.593498,2021-08-06 08:25:31.700000,2021-8-6 8:25:13.700000091,1300,725,-1549,-474,1774.7399809549568,318,384,11,3,1.284715721811638,103.81165789665171,39.089242244516676,2683,4206,12
39,32,2021-08-06 16:25:14.626332,2021-08-06 08:25:31.800000,2021-8-6 8:25:13.800000092,1300,722,-1558,-482,1783.5279644569637,218,285,13,3,1.2847156708186769,103.81165749502604,39.119692610374585,2996,4760,14
39,32,2021-08-06 16:25:14.653552,2021-08-06 08:25:31.900000,2021-8-6 8:25:13.900000093,1300,731,-1558,-498,1791.5716563955793,182,250,13,3,1.2847159207613283,103.8116571153417,39.09813837518389,3296,5293,14
39,32,2021-08-06 16:25:14.956325,2021-08-06 08:25:32.000000,2021-8-6 8:25:14.000000095,1300,747,-1563,-502,1803.6025060971722,179,257,14,3,1.2847161865556052,103.81165669820865,39.06177248021566,2850,4646,15
39,32,2021-08-06 16:25:14.963276,2021-08-06 08:25:32.100000,2021-8-6 8:25:14.100000096,1300,759,-1563,-504,1809.1616843168,169,247,14,3,1.284716390709333,103.81165641063305,39.03304568761192,2496,4123,15
39,32,2021-08-06 16:25:14.969258,2021-08-06 08:25:32.200000,2021-8-6 8:25:14.200000097,1300,750,-1562,-505,1804.8182734003997,164,231,14,3,1.2847164347617783,103.8116561829927,38.99288858445286,2248,3761,15
39,32,2021-08-06 16:25:15.057718,2021-08-06 08:25:32.300000,2021-8-6 8:25:14.300000098,1300,738,-1576,-502,1811.194081262414,140,201,15,3,1.2847164065630168,103.81165581737785,38.96206949316891,1926,3270,15
39,32,2021-08-06 16:25:15.130197,2021-08-06 08:25:32.400000,2021-8-6 8:25:14.400000098,1300,735,-1586,-485,1814.0689071807608,145,213,15,3,1.28471642391839,103.81165557726712,38.929865482486164,1968,3386,15
39,32,2021-08-06 16:25:15.229266,2021-08-06 08:25:32.500000,2021-8-6 8:25:14.500000099,1300,736,-1588,-477,1814.1028085530324,136,206,15,3,1.2847164812271519,103.81165540500834,38.904062289192346,1650,2877,15
39,32,2021-08-06 16:25:15.354966,2021-08-06 08:25:32.600000,2021-8-6 8:25:14.600000100,1300,736,-1596,-454,1815.221198642193,142,226,14,3,1.28471649856565,103.81165523745192,38.87439805565651,1614,2853,14
39,32,2021-08-06 16:25:15.443672,2021-08-06 08:25:32.700000,2021-8-6 8:25:14.700000101,1300,729,-1601,-443,1814.0813101953286,162,262,15,3,1.2847168376202023,103.81165574361938,39.08191650290054,4086,7300,15
39,32,2021-08-06 16:25:15.538865,2021-08-06 08:25:32.800000,2021-8-6 8:25:14.800000101,1300,723,-1611,-439,1819.5524174917302,168,276,15,3,1.2847170793028833,103.81165610524418,39.27090468716567,3777,6819,15
39,32,2021-08-06 16:25:15.586609,2021-08-06 08:25:32.900000,2021-8-6 8:25:14.900000101,1300,727,-1609,-430,1817.225907805631,166,278,14,3,1.2847173149913385,103.8116564481739,39.409702207558475,3478,6344,14
39,32,2021-08-06 16:25:15.879697,2021-08-06 08:25:33.000000,2021-8-6 8:25:15.000000102,1300,723,-1612,-425,1817.1125446708027,170,288,14,3,1.2847174347313346,103.81165659721283,39.539408629753886,3421,6283,14
39,32,2021-08-06 16:25:15.884709,2021-08-06 08:25:33.100000,2021-8-6 8:25:15.100000102,1300,723,-1611,-413,1813.4549897915856,180,309,14,3,1.2847175410126033,103.81165670391827,39.65123659353066,3230,5973,14
39,32,2021-08-06 16:25:15.936542,2021-08-06 08:25:33.200000,2021-8-6 8:25:15.200000103,1300,726,-1612,-412,1815.313746987005,201,330,15,3,1.2847176365969346,103.81165673719757,39.75623731722175,3010,5599,15
39,32,2021-08-06 16:25:16.057505,2021-08-06 08:25:33.300000,2021-8-6 8:25:15.300000104,1300,729,-1617,-407,1819.8293876075306,202,337,15,3,1.2847177204997686,103.81165665531854,39.84577913662003,2823,5281,15
39,32,2021-08-06 16:25:16.085581,2021-08-06 08:25:33.400000,2021-8-6 8:25:15.400000104,1300,731,-1621,-402,1823.0759720867368,299,505,15,3,1.2847177932723475,103.81165653434891,39.91241057919961,2743,5154,15
