,Func 1,Func 2,Func 3,Func 4,Func 5,Func 6,Func 7,Func 8,Func 9,Func 10
0,-0.0009662947512091982,-0.0009465870319322512,-0.0009231975023483159,-0.0009006479030221128,-0.0008640548964900538,-0.0008209564794175342,-0.0007822839060883563,-0.0007645919710667897,-0.0007474841543923021,-0.0007382229439275559
1,-0.0009847383207016508,-0.000964478354794542,-0.0009404401700536173,-0.0009172722679479737,-0.0008796909377684718,-0.0008354529849148846,-0.0007957811356999686,-0.0007776395736228323,-0.0007601015552097382,-0.0007506093594485501
2,-0.001003703366076711,-0.0009828708095996023,-0.0009581603083659387,-0.0009343517916961771,-0.0008957469833839477,-0.0008503297773392112,-0.0008096245837573966,-0.0007910183086664731,-0.0007730358009694139,-0.0007633050091090822
3,-0.0010232092616702117,-0.0010017828497318458,-0.0009763753093736872,-0.0009519028756416172,-0.0009122378946607105,-0.0008656000110962525,-0.0008238259708066144,-0.000804739271437669,-0.0007862974004184375,-0.0007763200916144701
4,-0.0010432762657847164,-0.001021233763627392,-0.0009951033442395112,-0.0009699426484589694,-0.0009291791807513633,-0.0008812774018548113,-0.0008383975073637466,-0.0008188140164695596,-0.0007998972931302748,-0.0007896652215158323
5,-0.0010639255680437933,-0.0010412437191117054,-0.0010143634042072726,-0.0009884890040873623,-0.0009465870319323338,-0.000897376254837185,-0.0008533519181417285,-0.0008332545801122159,-0.0008138468703838403,-0.0008033514493073371
6,-0.0010851793395641924,-0.001061833810452662,-0.0010341753441091496,-0.001007560641935816,-0.0009644783547948293,-0.0009139114947127655,-0.0008687024675943106,-0.0008480735042617608,-0.0008281579972662047,-0.0008173902826099188
7,-0.0011070607862409608,-0.0010830261082891844,-0.0010545599284276018,-0.001027177109463893,-0.0009828708095997582,-0.0009308986972167095,-0.0008844629869971644,-0.0008632838614717193,-0.000842843035943741,-0.0008317937085398065
8,-0.0011295942052596708,-0.0011048437125412607,-0.0010755388802135574,-0.0010473588473712964,-0.0010017828497319466,-0.0009483541226321108,-0.0009006479030209433,-0.000878899281458827,-0.0008579148703009877,-0.0008465742173329404
9,-0.0011528050450930285,-0.0011273108086292877,-0.0010971349329191842,-0.001068127237467147,-0.0010212337636274207,-0.0009662947512086919,-0.0009172722679501161,-0.0008949339791511086,-0.0008733869319347762,-0.0008617448273092461
10,-0.0011767199692380883,-0.0011504527270881778,-0.0011193718854317772,-0.0010895046534603638,-0.001041243719111969,-0.0009847383207010753,-0.000934351791697295,-0.0009114027843160021,-0.0008892732276583726,-0.0008773191112314067
11,-0.0012013669238949173,-0.0011742960069376228,-0.0011422746604871261,-0.0011115145148792899,-0.001061833810452505,-0.0010037033660775362,-0.0009519028756383692,-0.0009283211729526025,-0.0009055883685763564,-0.0008933112241959172
12,-0.001226775209893827,-0.0011988684629405263,-0.0011658693666896486,-0.0011341813442438515,-0.0010830261082893822,-0.001023209261669863,-0.0009699426484577991,-0.0009457053004490923,-0.0009223476008151734,-0.0009097359331100524
13,-0.0012529755591430317,-0.0012241992571035746,-0.001190183364379969,-0.0011575308278123932,-0.0011048437125425763,-0.0010432762657855074,-0.0009884890040873498,-0.0009635720367186388,-0.0009395668380982827,-0.0009266086478820564
14,-0.0012800002158851057,-0.0012503189746464814,-0.001215245335625796,-0.001181589880079972,-0.0011273108086289711,-0.001063925568043175,-0.001007560641934236,-0.0009819390034135334,-0.0009572626961242081,-0.000943945454422501
15,-0.0013078830231349706,-0.0012772597047865696,-0.0012410853585848175,-0.0012063867122746672,-0.0011504527270879117,-0.00108517933956441,-0.0010271771094644238,-0.0010008246132977828,-0.0009754525290698678,-0.0009617631495454083
16,-0.00133665951459665,-0.0013050551266115028,-0.0012677349865720705,-0.0012319509051792056,-0.0011742960069375389,-0.0011070607862420179,-0.0010473588473721542,-0.0010202481120131386,-0.0009941544681902124,-0.0009800792779951608
17,-0.0013663670124577961,-0.0013337406004583583,-0.0012952273321238138,-0.0012583134865020475,-0.0011988684629406828,-0.0011295942052609899,-0.0010681272374669845,-0.0010402296223260808,-0.0010133874627116055,-0.0009989121715891665
18,-0.0013970447314754645,-0.0013633532650893017,-0.0013235971563802704,-0.0012855070131628228,-0.0012241992571030947,-0.0011528050450929754,-0.0010895046534601916,-0.0010607901910218449,-0.0010331713232134842,-0.0010182809907315188
19,-0.0014287338897320768,-0.0013939321411321165,-0.0013528809642255725,-0.0013135656587738437,-0.0012503189746464049,-0.0011767199692391786,-0.0011115145148794822,-0.0010819518386901684,-0.0010535267675644213,-0.001038205768402043
20,-0.001461477826563915,-0.0014255182411503273,-0.0013831171054600336,-0.001342525306717611,-0.0012772597047864148,-0.001201366923896327,-0.0011341813442435295,-0.0011037376124792622,-0.0010744754696752111,-0.001058707456806071
21,-0.0014953221281097226,-0.001458154686843541,-0.001414345882512205,-0.0013724236491624853,-0.001305055126611416,-0.0012267752098945326,-0.0011575308278130407,-0.0011261716421421808,-0.001096040111198041,-0.001079807976819998
22,-0.0015303147610075236,-0.001491886833786389,-0.001446609665090276,-0.0014033002924459536,-0.0013337406004584151,-0.0012529755591422138,-0.0011815898800802568,-0.0011492791994922656,-0.0011182444363905105,-0.0011015302704740445
23,-0.0015665062147713323,-0.0015267624043059974,-0.0014799530122287738,-0.0014351968692307105,-0.0013633532650888867,-0.0012800002158851248,-0.0012063867122751272,-0.0011730867615599545,-0.0011411133103552816,-0.0011238983566453627
24,-0.0016039496534307606,-0.0015628316289608669,-0.0015144228022467999,-0.001468157157917447,-0.0013939321411320553,-0.0013078830231360453,-0.001231950905179182,-0.001197622077652916,-0.0011646727808739077,-0.0011469373901620093
25,-0.001642701077055212,-0.0016001473972340977,-0.0015500683711692908,-0.0015022272097805175,-0.0014255182411503566,-0.0013366595145958167,-0.0012583134865026095,-0.0012229142406606768,-0.0011889501440742935,-0.0011706737245731104
26,-0.001682819493789367,-0.0016387654180282387,-0.0015869416601097918,-0.0015374554843499684,-0.0014581546868436671,-0.0013663670124564424,-0.0012855070131623544,-0.0012489937627587567,-0.0012139740142029566,-0.0011951349788333863
27,-0.0017243671030581188,-0.0016787443906228433,-0.0016250973722813263,-0.001573892993605588,-0.0014918868337865051,-0.0013970447314758496,-0.0013135656587740202,-0.001275892655966174,-0.001239774397778154,-0.001220350108134054
28,-0.0017674094907224355,-0.0017201461867369016,-0.0016645931402008499,-0.001611593455542909,-0.0015267624043059417,-0.0014287338897318314,-0.0013425253067167375,-0.0013036445177579097,-0.0012663827724075664,-0.0012463494791818152
29,-0.0018120158368526965,-0.0017630360444480903,-0.0017054897037968087,-0.0016506134577273482,-0.001562831628960993,-0.001461477826563755,-0.001372423649162884,-0.0013322846221487535,-0.0012938321705815972,-0.0012731649502468793
30,-0.0018582591369439186,-0.0018074827746870732,-0.001747851100098942,-0.0016910126315338061,-0.0016001473972339917,-0.001495322128110254,-0.0014033002924451765,-0.0013618500165788448,-0.0013221572688074772,-0.001300829956254654
31,-0.0019062164373596546,-0.0018535589810467182,-0.0017917448652280895,-0.0017328538376745915,-0.0016387654180279303,-0.0015303147610077757,-0.0014351968692302942,-0.0013923796250236175,-0.001351394482425569,-0.001329379599297812
32,-0.0019559690858470466,-0.0019013412937894732,-0.0018372422494710291,-0.001776203363806675,-0.001678744390622804,-0.0015665062147714299,-0.0014681571579205305,-0.001423914357728876,-0.0013815820664913854,-0.0013588507449464274
33,-0.0020076029979679854,-0.0019509106188021579,-0.0018844184462241836,-0.0018211311349443867,-0.0017201461867368058,-0.0016039496534303653,-0.0015022272097794493,-0.0014564972280351049,-0.001412760223138275,-0.0013892821246930995
34,-0.002061208940294444,-0.002002352402403857,-0.001933352835610313,-0.0018677109374514833,-0.001763036044448066,-0.0016427010770573417,-0.001537455484350182,-0.0014901734767426996,-0.0014449712158763621,-0.0014207144450222096
35,-0.002116882831259557,-0.0020557569128279995,-0.001984129243654538,-0.0019160206574314678,-0.0018074827746869643,-0.0016828194937902297,-0.0015738929936061025,-0.001524990704551633,-0.0014782594912515726,-0.0014531905034966775
36,-0.0021747260604985013,-0.0021112195392585433,-0.0020368362178160224,-0.001966142534356822,-0.0018535589810468357,-0.0017243671030570955,-0.00161159345554203,-0.001560999013111909,-0.0015126718084051548,-0.0014867553123437153
37,-0.0022348458275164356,-0.0021688411092995554,-0.002091567319798354,-0.002018163430782016,-0.0019013412937893001,-0.0017674094907226875,-0.0016506134577292536,-0.0015982511552283382,-0.001548257377056049,-0.001521456230081078
38,-0.0022973555004714946,-0.0022287282256609827,-0.0021484214364607124,-0.0020721751190019774,-0.0019509106188024285,-0.0018120158368526472,-0.0016910126315350404,-0.0016368026948659433,-0.0015850680044175048,-0.0015573431016566277
39,-0.002362374995767329,-0.0022909936229017474,-0.002207503109689899,-0.002128274585535459,-0.002002352402403698,-0.001858259136941877,-0.0017328538376730723,-0.0016767121775511525,-0.0016231582517065657,-0.0015944684077257047
40,-0.002430031179078379,-0.0023557565449155993,-0.0022689228860340097,-0.002186564354268962,-0.0020557569128279215,-0.0019062164373576265,-0.0017762033638060678,-0.001718041311882631,-0.0016625856008439912,-0.0016328874236412035
41,-0.0025004582882621473,-0.0024231431437754815,-0.0023327976868550487,-0.002247152829079734,-0.0021112195392585355,-0.0019559690858486755,-0.0018211311349439463,-0.0017608551628252255,-0.0017034106319811376,-0.0016726583888015726
42,-0.0025737983784417805,-0.0024932869004679827,-0.0023992511996349785,-0.002310154656727294,-0.002168841109299684,-0.0020076029979674563,-0.00186771093745123,-0.0018052223575510938,-0.0017456972126007604,-0.001713842686993595
43,-0.002650201789266354,-0.0025663290677197556,-0.002468414291003783,-0.002375691110691756,-0.0022287282256601955,-0.0020612089402960256,-0.0019160206574322205,-0.0018512153045917522,-0.0017895126988726018,-0.0017565050385011723
44,-0.0027298276340355114,-0.002642419135073292,-0.0025404254418148883,-0.0024438904965464444,-0.002290993622901618,-0.0021168828312599485,-0.001966142534356251,-0.001898910427086092,-0.0018349281500573337,-0.0018007137046392378
45,-0.0028128443100294176,-0.0027217153158525477,-0.002615431204440186,-0.0025148885792824777,-0.0023557565449155706,-0.002174726060497797,-0.0020181634307816897,-0.001948388410988652,-0.0018820185567324096,-0.0018465407055427408
46,-0.0028994300286954216,-0.002804385055383714,-0.0026935866821397253,-0.0025888290328428933,-0.002423143143775369,-0.002234845827516729,-0.0020721751190002505,-0.001999734469056622,-0.0019308630836643243,-0.001894062051973606
47,-0.00298977336389347,-0.0028906055593080895,-0.00277505602993983,-0.0026658639117824647,-0.002493286900467709,-0.002297355500470316,-0.0021282745855363194,-0.002053038621467539,-0.00198154532817446,-0.0019433579919990382
48,-0.0030840738154420994,-0.002980564340116408,-0.0028600129760930795,-0.0027461541447168234,-0.00256632906772056,-0.0023623749957675114,-0.002186564354269044,-0.0021083959939834952,-0.0020341535948499986,-0.0019945132733423724
49,-0.0031825423842568967,-0.003074459779304353,-0.002948641362476076,-0.002829870048734176,-0.002642419135072906,-0.002430031179081252,-0.002247152829080572,-0.0021659071344472935,-0.002088781187448981,-0.002047617422322917
50,-0.0032854021541146848,-0.003172501701561863,-0.0030411357016502244,-0.002917191863366774,-0.002721715315852383,-0.002500458288263591,-0.0023101546567257597,-0.0022256783485106193,-0.0021455267188977014,-0.0021027650402017845
51,-0.003392888873631296,-0.0032749119561376445,-0.0031377017473037607,-0.0030083103021567676,-0.0028043850553836807,-0.0025737983784431063,-0.0023756911106915706,-0.0022878220553548562,-0.002204494440197883,-0.0021600561178415716
52,-0.0035052515300818226,-0.003381924999130614,-0.003238557073754971,-0.0031034271188334975,-0.0028906055593081927,-0.0026502017892642516,-0.002443890496544566,-0.002352457164110002,-0.002265794589045011,-0.00221959636943808
53,-0.003622752904589044,-0.003493788468564593,-0.0033439316587232783,-0.0032027556842351814,-0.0029805643401163377,-0.0027298276340372222,-0.0025148885792821247,-0.0024197094716333425,-0.0023295437589446744,-0.002281497586224961
54,-0.003745670095443898,-0.0036107637419886267,-0.003454068461996849,-0.003306521568679311,-0.003074459779304716,-0.002812844310028982,-0.0025888290328430095,-0.0024897120821300803,-0.0023958652894498396,-0.0023458780107931
55,-0.003874294993059863,-0.0037331264636558366,-0.003569223990457579,-0.0034149631230311825,-0.0031725017015618497,-0.002899430028696723,-0.002665863911782081,-0.0025626058488867403,-0.002464889678076726,-0.002412862732712061
56,-0.004008934686297342,-0.003861167025173727,-0.0036896688375762142,-0.0035283320497368517,-0.0032749119561375018,-0.0029897733638939356,-0.0027461541447195382,-0.0026385398382113958,-0.0025367550142968535,-0.002482584105938115
57,-0.004149911775104246,-0.003995190979725819,-0.0038156881824031952,-0.0036468939527748274,-0.003381924999130417,-0.0030840738154434824,-0.0028298700487341295,-0.0027176718153398734,-0.002611607435703784,-0.002555182188332785
58,-0.004297564559067409,-0.004135519365351012,-0.0039475822295650526,-0.0037709288527349376,-0.003493788468564531,-0.0031825423842572744,-0.00291719186336789,-0.0028001687516192057,-0.0026896016062893705,-0.00263080520340473
59,-0.004452247064879204,-0.004282488907449361,-0.004085666567488988,-0.003900731649827533,-0.0036107637419884745,-0.003285402154114711,-0.0030083103021558014,-0.0028862073518344366,-0.0027709012162765055,-0.0027096100240127296
60,-0.00461432886813907,-0.0044364520642512645,-0.004230272416947437,-0.0040366125136072715,-0.0037331264636557516,-0.003392888873631039,-0.003103427118832817,-0.0029759745998960466,-0.002855679502568361,-0.002791762677483108
61,-0.0047841946559216185,-0.00459777687140317,-0.004381746736051983,-0.004178897173446329,-0.003861167025173894,-0.0035052515300816193,-0.0032027556842341965,-0.0030696683202976758,-0.0029441197882609845,-0.002877438870986177
62,-0.004962243466220816,-0.0047668465331715,-0.004540452140668699,-0.004327927078039571,-0.003995190979725789,-0.003622752904590471,-0.0033065215686796986,-0.0031674977517983753,-0.0030364160389243517,-0.002966824535494421
63,-0.005148887528388902,-0.0049440586974015144,-0.0047067665908834995,-0.004484059385584682,-0.004135519365350966,-0.0037456700954430567,-0.003414963123032171,-0.0032696841285716634,-0.003132773432481956,-0.0030601163857942103
64,-0.005344550615102586,-0.00512982433964621,-0.004881082784494047,-0.0046476667383164175,-0.004282488907449349,-0.003874294993060498,-0.0035283320497386493,-0.003376461262614921,-0.0032334089383858084,-0.0031575224931427166
65,-0.005549665800870978,-0.005324566168421113,-0.005063807187222183,-0.004819136765930576,-0.0044364520642512445,-0.004008934686298181,-0.0036468939527745745,-0.0034880761194188495,-0.003338551900368776,-0.0032592628659308086
66,-0.005764672505115922,-0.005528716448273995,-0.0052553586165103765,-0.004998871251709242,-0.004597776871402925,-0.004149911775103772,-0.003770928852734853,-0.0036047893767256005,-0.0034484446155372264,-0.003365570032284192
67,-0.005990012678887,-0.005742714120411134,-0.005456166281125684,-0.005187284882889028,-0.004766846533171618,-0.004297564559066852,-0.003900731649827255,-0.0037268759535720483,-0.003563342900341076,-0.003476689616833303
68,-0.0062261259742949875,-0.005967001081948686,-0.005666667162459023,-0.005384803492852097,-0.004944058697401424,-0.0044522470648788665,-0.004036612513607898,-0.0038546254937240174,-0.003683516631664314,-0.0035928809016810568
69,-0.0064734437147620505,-0.006202017464925961,-0.005887302605284937,-0.0055918616868967045,-0.005129824339646289,-0.004614328868139157,-0.004178897173445561,-0.003988342783737736,-0.0038092502482553227,-0.0037144173590899165
70,-0.006732381463351548,-0.006448195735244024,-0.006118513966225765,-0.005808899725937821,-0.005324566168421087,-0.004784194655922667,-0.004327927078040356,-0.004128348081457305,-0.003940843194169086,-0.0038415871402853745
71,-0.007003329966992827,-0.006705953410893565,-0.006360737147493143,-0.006036359523301645,-0.005528716448274088,-0.004962243466219903,-0.004484059385585369,-0.0042749773253754775,-0.004078610281700252,-0.0039746935010704365
72,-0.007286644238188842,-0.006975684179078973,-0.006614395822460106,-0.006274679589553447,-0.005742714120411175,-0.005148887528390328,-0.004647666738315947,-0.004428582188892291,-0.00422288194616279,-0.004114055140517865
73,-0.00758263052555821,-0.007257747175270247,-0.006879893139368135,-0.006524288739235802,-0.005967001081948878,-0.00534455061510171,-0.004819136765931249,-0.004589529936159271,-0.004374004358977212,-0.004260006423737197
74,-0.007891530923598119,-0.007552454176154844,-0.007157601671505705,-0.006785598352727245,-0.006202017464925852,-0.005549665800871141,-0.004998871251709561,-0.004758203027316797,-0.004532339358398136,-0.004412897453478974
75,-0.008213505385276293,-0.007860054456482144,-0.007447851368864576,-0.007058992967472399,-0.006448195735244003,-0.005764672505116675,-0.005187284882889378,-0.00493499841095274,-0.004698264149002937,-0.0045730939479905605
76,-0.00854861093387882,-0.00818071707125562,-0.007750915260694735,-0.007344818957540132,-0.0067059534108934275,-0.005990012678887195,-0.005384803492852471,-0.005120326429737349,-0.004872170711405966,-0.0047409768739583025
77,-0.00889677793031155,-0.008514510355353201,-0.008066992664506136,-0.007643371051789419,-0.00697568417907889,-0.00622612597429497,-0.005591861686897123,-0.005314609251942241,-0.00505446485248523,-0.004916941773347122
78,-0.009257783346773754,-0.008861378489380487,-0.00839618968033834,-0.007954876442385168,-0.007257747175270261,-0.006473443714761753,-0.005808899725938425,-0.005518278726332039,-0.005245564813698027,-0.005101397711430074
79,-0.009631221136553285,-0.009221115071333559,-0.008738496795763388,-0.00827947625205169,-0.007552454176154796,-0.006732381463352024,-0.006036359523300273,-0.005731773541037465,-0.005445899340463594,-0.0052947657600561394
80,-0.010016469982013622,-0.009593333767733168,-0.009093763505020152,-0.008617204166040093,-0.007860054456482123,-0.00700332996699257,-0.00627467958955358,-0.005955535548502134,-0.005655905099359089,-0.005497476915290304
81,-0.01041265895696701,-0.009977436304373085,-0.009461669963499994,-0.008967962100886451,-0.008180717071256189,-0.007286644238188562,-0.006524288739236474,-0.006190005098574972,-0.005876023311839029,-0.005709969331773294
82,-0.010818631961629535,-0.010372578304490971,-0.009841695865917783,-0.009331492884798183,-0.008514510355353545,-0.007582630525559297,-0.006785598352728117,-0.0064356152010722825,-0.006106695453747533,-0.005932684737830789
83,-0.011232912179014357,-0.01077763379723603,-0.010233086961875283,-0.009707350073338197,-0.00886137848938058,-0.00789153092359813,-0.007058992967472278,-0.006692784318099594,-0.00634835784919564,-0.006166063875448118
84,-0.011653668253877874,-0.011191159603247715,-0.010634819913537165,-0.010094865228077498,-0.009221115071333648,-0.00821350538527679,-0.007344818957540997,-0.006961907566753241,-0.006601434966476757,-0.006410540788519475
85,-0.01207868439026661,-0.01161136125090301,-0.011045566560179264,-0.01049311325331401,-0.009593333767733152,-0.008548610933878601,-0.007643371051789274,-0.007243346095894173,-0.006866331203217335,-0.006666535761770533
86,-0.012505337066735728,-0.01203606256869182,-0.011463659080499726,-0.010900876721727286,-0.009977436304373248,-0.008896777930311867,-0.007954876442385376,-0.007537414389386084,-0.007143420929977131,-0.006934446692801771
87,-0.012930581526248184,-0.012462681603505877,-0.011887058022523996,-0.011316610523816191,-0.01037257830449091,-0.009257783346774056,-0.008279476252052175,-0.007844365245556215,-0.007433036547770068,-0.007214638662469439
88,-0.013350951536873865,-0.012888215980011573,-0.012313325675759735,-0.011738408638613782,-0.01077763379723607,-0.009631221136554086,-0.008617204166041111,-0.008164372193416515,-0.007735454308987798,-0.007507431456775616
89,-0.013762576048007368,-0.013309241171175547,-0.01273960774637282,-0.012163975323136796,-0.011191159603247743,-0.010016469982013939,-0.008967962100886968,-0.00849750913560273,-0.008050877656614984,-0.007813084789805321
90,-0.014161216181652652,-0.013721925304153785,-0.013162626699088555,-0.01259060351687621,-0.011611361250903101,-0.01041265895696792,-0.009331492884798733,-0.008843727063246421,-0.00837941785887934,-0.008131780986365083
91,-0.01454232539874261,-0.014122063976716281,-0.013578690365184132,-0.013015163698402235,-0.012036062568691767,-0.010818631961629492,-0.009707350073338245,-0.00920282777693444,-0.008721071761804092,-0.0084636049103737
92,-0.014901134588227637,-0.014505138005303217,-0.013983719384992765,-0.013434106735910842,-0.012462681603505898,-0.011232912179014566,-0.010094865228077805,-0.009574434679461358,-0.009075696558299148,-0.00880852097728076
93,-0.01523276221229246,-0.014866395985159623,-0.0143732966517745,-0.013843484347927239,-0.01288821598001159,-0.011653668253877815,-0.010493113253314314,-0.009957960889857297,-0.009442981588014876,-0.009166347173996583
94,-0.015532347550643552,-0.015200961980281518,-0.01474274106050925,-0.014238990529881817,-0.01330924117117557,-0.012078684390266492,-0.01090087672172792,-0.010352575172558805,-0.009822417346628986,-0.009536726136725186
95,-0.015795202663114793,-0.015503966613279865,-0.015087206485163884,-0.014616026609346477,-0.013721925304153802,-0.012505337066736219,-0.011316610523816967,-0.010757166487151583,-0.010213262105511614,-0.009919093515188066
96,-0.01601697617980333,-0.015770697425555966,-0.015401805020246954,-0.014969791396308444,-0.014122063976717343,-0.012930581526248045,-0.011738408638614027,-0.011170308344766611,-0.010614506830268607,-0.010312644089715703
97,-0.01619381976596804,-0.01599676186289297,-0.015681751224381535,-0.015295396178792987,-0.014505138005303234,-0.013350951536874982,-0.012163975323136872,-0.01159022460104335,-0.011024839443329885,-0.010716296412376033
98,-0.01632254647382135,-0.016178253937982588,-0.015922521595573662,-0.015588002142249882,-0.014866395985159651,-0.013762576048008774,-0.012590603516877113,-0.01201475880590221,-0.011442609898735454,-0.01112865711711629
99,-0.0164007695405006,-0.016311913906665497,-0.016120021088700334,-0.015842975327226675,-0.015200961980281563,-0.014161216181652777,-0.013015163698402362,-0.01244134973510914,-0.011865798014094465,-0.01154798648200076
100,-0.01642701077195867,-0.016395269529916746,-0.016270746521373808,-0.016056051750467912,-0.015503966613279881,-0.014542325398743245,-0.01343410673591282,-0.012867016197481623,-0.01229198650914003,-0.01197216731341591
101,-0.016400769540500626,-0.01642674794399001,-0.01637193558027525,-0.016223503147251725,-0.015770697425556,-0.01490113458822788,-0.013843484347927683,-0.0132883545740093,-0.01271834218868792,-0.012398679727406017
102,-0.016322546473821302,-0.016405748921199434,-0.016421690144313113,-0.0163422923279464,-0.015996761862893026,-0.015232762212292212,-0.01423899052988254,-0.013701552711715324,-0.01314160861677361,-0.012824584878545977
103,-0.016193819765968148,-0.01633267325061911,-0.016419063944951143,-0.016410206720152372,-0.016178253937982633,-0.01553234755064439,-0.014616026609346897,-0.0141024236637198,-0.013558113874999948,-0.013246521063601193
104,-0.016016976179803008,-0.016208903761647794,-0.01636410714365514,-0.01642595951054223,-0.016311913906665497,-0.015795202663115272,-0.01496979139630826,-0.014486462235281005,-0.01396379698301986,-0.013660715817822074
105,-0.015795202663114544,-0.016036740649608822,-0.01625786395431822,-0.01638924993982313,-0.016395269529916733,-0.016016976179803816,-0.015295396178793715,-0.014848926280707286,-0.014354256178416833,-0.014063017524847954
106,-0.015532347550644176,-0.015819296668832975,-0.016102323518820176,-0.01630077754978211,-0.016426747943989996,-0.016193819765968523,-0.015588002142250177,-0.015184943159133941,-0.01472482141470378,-0.014448949573844263
107,-0.01523276221229219,-0.015560360908401455,-0.015900328295316735,-0.016162209135984415,-0.016405748921199413,-0.016322546473821774,-0.015842975327227584,-0.015489639731577558,-0.01507065208246517,-0.014813789133513515
108,-0.014901134588227515,-0.01526424188024109,-0.01565544768581422,-0.01597610128718183,-0.01633267325061918,-0.01640076954050115,-0.016056051750468293,-0.015758291894762556,-0.015386859094812348,-0.015152671127948884
109,-0.014542325398742992,-0.014935601360565424,-0.015371827072096061,-0.015745785122078502,-0.016208903761647762,-0.01642701077195946,-0.016223503147251874,-0.01598648713056427,-0.015668648196836978,-0.015460716018433096
110,-0.014161216181652565,-0.014579289887237215,-0.015054023601366642,-0.015475222674222962,-0.016036740649608805,-0.016400769540501632,-0.016342292327946813,-0.01617029122698127,-0.015911478854889485,-0.01573317763585236
111,-0.013762576048007555,-0.014200193263831038,-0.014706839943152797,-0.015168846006619708,-0.01581929666883293,-0.016322546473821874,-0.016410206720153035,-0.0163064085733517,-0.016111230649551268,-0.01596560479141829
112,-0.013350951536874682,-0.01380309720467,-0.014335166006294633,-0.014831390458994079,-0.01556036090840145,-0.016193819765968908,-0.01642595951054298,-0.016392324612825575,-0.016264367099931308,-0.016154008034652268
113,-0.012930581526248153,-0.013392574753596745,-0.013943836577727005,-0.014467732556725406,-0.015264241880241074,-0.016016976179804243,-0.01638924993982365,-0.016426419420855532,-0.01636808566315301,-0.016295021100184964
114,-0.012505337066736682,-0.012972898664213094,-0.013537510400937473,-0.014082741319718525,-0.014935601360565438,-0.01579520266311535,-0.01630077754978243,-0.01640804307402486,-0.016420442594870847,-0.016386045657519013
115,-0.012078684390267028,-0.012547978797369469,-0.01312057371299672,-0.013681149368141554,-0.014579289887237161,-0.015532347550644695,-0.016162209135985345,-0.016337546367437124,-0.016420442594871,-0.016425368235124544
116,-0.01165366825387819,-0.012121322926214562,-0.012697068994737177,-0.013267447704767753,-0.014200193263831104,-0.015232762212293279,-0.015976101287182642,-0.016216264201139897,-0.01636808566315312,-0.016412239756069306
117,-0.011232912179014443,-0.011696018194907556,-0.012270647848854645,-0.012845805680187672,-0.013803097204669993,-0.014901134588227382,-0.015745785122079036,-0.01604645308863404,-0.01626436709993129,-0.016346910907955356
118,-0.010818631961630219,-0.01127472983123762,-0.01184454559336544,-0.012420015643784239,-0.013392574753596715,-0.01454232539874355,-0.015475222674223294,-0.015831188171648372,-0.01611123064955116,-0.016230620265551606
119,-0.010412658956967288,-0.010859713491066743,-0.011421574343868403,-0.011993460272549925,-0.01297289866421313,-0.014161216181652343,-0.015168846006620471,-0.015574228323474947,-0.015911478854889114,-0.0160655362055154
120,-0.01001646998201382,-0.010452837714512239,-0.011004130998148363,-0.011569099580428894,-0.012547978797369495,-0.01376257604800809,-0.014831390458994594,-0.015279860000314033,-0.0156686481968372,-0.0158546576292884
121,-0.009631221136553233,-0.01005561329621078,-0.010594216537029584,-0.01114947410148422,-0.012121322926214555,-0.01335095153687529,-0.01446773255672565,-0.014952731277019442,-0.015386859094812893,-0.015601681802217679
122,-0.0092577833467734,-0.009669226821715112,-0.01019346331206162,-0.010736720626185293,-0.011696018194907494,-0.012930581526247948,-0.014082741319719054,-0.014597687023350944,-0.015070652082465854,-0.01531084981794634
123,-0.008896777930312776,-0.009294576123311575,-0.009803167405372425,-0.01033259704879834,-0.011274729831237573,-0.01250533706673634,-0.013681149368142013,-0.014219614668067006,-0.014724821414704383,-0.014986781105714293
124,-0.008548610933878877,-0.008932305906143795,-0.00942432363756315,-0.009938513253662616,-0.010859713491066722,-0.01207868439026769,-0.013267447704767493,-0.013823307805811378,-0.014354256178417454,-0.014634308035933498
125,-0.008213505385275953,-0.008582842253105282,-0.009057661303417645,-0.009555565440199806,-0.010452837714512215,-0.011653668253878518,-0.012845805680187363,-0.013413352405834317,-0.013963796983020128,-0.014258320259224746
126,-0.007891530923598067,-0.00824642511433242,-0.008703679189884711,-0.009184571791646463,-0.01005561329621075,-0.011232912179014239,-0.012420015643784607,-0.012994037926836096,-0.013558113874999597,-0.01386362627299181
127,-0.007582630525558308,-0.007923138215943041,-0.008362678850612287,-0.00882610788107504,-0.009669226821715126,-0.010818631961630467,-0.011993460272550674,-0.012569293490078553,-0.013141608616774153,-0.013454837227426058
128,-0.007286644238189383,-0.007612936083526533,-0.008034795464556509,-0.008480540649234702,-0.009294576123311658,-0.010412658956967798,-0.011569099580429253,-0.012142647572048252,-0.012718342188687908,-0.013036275510642731
129,-0.007003329966992036,-0.007315668073910939,-0.007720025890323657,-0.00814806016602422,-0.00893230590614384,-0.010016469982013443,-0.011149474101484232,-0.01171720850774215,-0.012291986509140422,-0.012611908461335019
130,-0.006732381463352975,-0.007031099452552224,-0.007418253747091114,-0.007828708695482066,-0.008582842253105221,-0.009631221136553968,-0.010736720626184222,-0.011295662426251967,-0.011865798014094694,-0.012185305816177988
131,-0.006473443714761211,-0.006758929652610027,-0.007129271514778491,-0.007522406825420928,-0.008246425114332507,-0.009257783346774117,-0.010332597048798537,-0.010880284999130352,-0.011442609898736208,-0.011759618276677267
132,-0.006226125974295234,-0.006498807914631187,-0.006852799759452707,-0.007228976603679358,-0.007923138215943037,-0.0088967779303113,-0.009938513253663163,-0.010472963470258011,-0.01102483944332994,-0.011337573863349621
133,-0.005990012678885576,-0.0062503465409387195,-0.006588503664475771,-0.006948161752261545,-0.007612936083526535,-0.008548610933878573,-0.009555565440200142,-0.010075225749739349,-0.010614506830268423,-0.010921488445284299
134,-0.005764672505116213,-0.006013132013758809,-0.006336007091826282,-0.006679645117636143,-0.007315668073910958,-0.008213505385276997,-0.009184571791646483,-0.009688273799570832,-0.010213262105511899,-0.010513286893131555
135,-0.005549665800871274,-0.005786734226282269,-0.00609490441932543,-0.006423063569237438,-0.007031099452552286,-0.007891530923598034,-0.008826107881075773,-0.009313019039044725,-0.009822417346629295,-0.01011453159935009
136,-0.0053445506151019685,-0.0055707140664522856,-0.005864770404253634,-0.006178020586586,-0.006758929652610048,-0.007582630525558496,-0.008480540649235122,-0.00895011799662164,-0.009442981588014973,-0.009726455545328304
137,-0.005148887528391087,-0.005364629577445226,-0.005645168317310129,-0.005944096785398058,-0.0064988079146311595,-0.007286644238189304,-0.008148060166024377,-0.008600006895152255,-0.009075696558300208,-0.00934999759264289
138,-0.004962243466221407,-0.005168040899628531,-0.005435656576911724,-0.00572085862992602,-0.006250346540938699,-0.0070033299669923004,-0.00782870869548293,-0.00826293425800733,-0.008721071761804498,-0.008985838176536039
139,-0.004784194655922065,-0.004980514177970833,-0.005235794095631966,-0.005507865567054175,-0.00601313201375882,-0.006732381463351753,-0.007522406825420281,-0.007938990956004494,-0.008379417858880044,-0.008634434044961796
140,-0.004614328868139559,-0.004801624597962538,-0.005045144530097582,-0.00530467580065048,-0.005786734226282298,-0.006473443714761927,-0.007228976603679231,-0.00762813737908778,-0.008050877656616153,-0.008296051093657823
141,-0.004452247064879437,-0.004630958692838203,-0.004863279604665892,-0.005110850904806132,-0.005570714066452151,-0.006226125974295068,-0.00694816175226164,-0.007330227617798115,-0.007735454308987458,-0.007970794687059676
142,-0.004297564559066816,-0.004468116045977825,-0.00468978165866768,-0.004925959453619156,-0.005364629577445381,-0.005990012678887149,-0.006679645117636758,-0.007045030685803223,-0.007433036547769215,-0.0076586371255389606
143,-0.004149911775104808,-0.004312710495045998,-0.004524245547524452,-0.0047495798243968445,-0.005168040899628689,-0.00576467250511657,-0.006423063569237631,-0.006772248915574114,-0.007143420929976645,-0.0073594421265065005
144,-0.004008934686297996,-0.004164370928814524,-0.004366280010168325,-0.004581302311253824,-0.004980514177970782,-0.005549665800871558,-0.006178020586586021,-0.006511533723664307,-0.006866331203217283,-0.007072986338246724
145,-0.003874294993060109,-0.0040227417538563496,-0.0042155085989898705,-0.004420730667576336,-0.004801624597962474,-0.005344550615102123,-0.005944096785398946,-0.006262498978519776,-0.006601434966475057,-0.006798978010254947
146,-0.0037456700954435476,-0.003887483096092224,-0.004071570254077695,-0.0042674831791012875,-0.004630958692838124,-0.005148887528391068,-0.005720858629926812,-0.006024732219433463,-0.00634835784919647,-0.00653707301149253
147,-0.0036227529045894822,-0.003758270791748529,-0.003934119590877565,-0.004121193354157622,-0.004468116045978111,-0.004962243466220928,-0.005507865567054866,-0.005797803976181588,-0.006106695453747741,-0.0062868884268742955
148,-0.003505251530080946,-0.003634796213144137,-0.0038028269592347225,-0.003981510304506666,-0.004312710495045982,-0.004784194655922265,-0.005304675800650726,-0.0055812754296891715,-0.005876023311839611,-0.006048013979816882
149,-0.0033928888736317366,-0.0035167659669630893,-0.0036773783223490357,-0.0038480988784314347,-0.004164370928814478,-0.004614328868139991,-0.0051108509048060444,-0.005374704638654455,-0.005655905099359279,-0.0058200215307624955
150,-0.0032854021541137276,-0.0034039014961187225,-0.003557474995815023,-0.003720639597746909,-0.004022741753856229,-0.00445224706487954,-0.004925959453619571,-0.005177651537873468,-0.0054458993404641835,-0.005602472893345763
151,-0.0031825423842561907,-0.0032959386106663014,-0.0034428332800801984,-0.0035988284416951,-0.0038874830960922073,-0.004297564559066638,-0.0047495798243968705,-0.004989681893356271,-0.005245564813698299,-0.00539492619480991
152,-0.003084073815441593,-0.003192626968513139,-0.003333184013587077,-0.003482376513312953,-0.0037582707917486638,-0.004149911775105455,-0.004581302311253706,-0.004810370378239561,-0.005054464852484528,-0.00519694098850873
153,-0.0029897733638943316,-0.0030937295227850404,-0.0032282720689657783,-0.0033710096175553965,-0.003634796213144096,-0.004008934686298168,-0.0044207306675768405,-0.004639302913373462,-0.004872170711405404,-0.005008082305593723
154,-0.0028994300286950196,-0.0029990219493459384,-0.003127855810372621,-0.0032644677751657615,-0.003516765966963123,-0.003874294993059979,-0.004267483179101394,-0.004476078397281522,-0.004698264149002253,-0.004827923812072327
155,-0.002812844310029915,-0.0029082920652335046,-0.0030317065266049006,-0.0031625046917885015,-0.00340390149611883,-0.0037456700954433915,-0.004121193354157917,-0.00432030993293925,-0.0045323393583972995,-0.004656050216993549
156,-0.0027298276340347646,-0.002821339246556645,-0.0029396078516264216,-0.0030648871980772604,-0.003295938610666284,-0.0036227529045900165,-0.003981510304506131,-0.00417162564301838,-0.0043740043589780234,-0.00449205905837647
157,-0.0026502017892633587,-0.0027379738524378385,-0.0028513551818315423,-0.0029713946734841396,-0.0031926269685133247,-0.0035052515300816995,-0.003848098878431047,-0.004029669151444707,-0.004222881946163328,-0.004335561975922516
158,-0.002573798378441768,-0.0026580166601351774,-0.002766755097208375,-0.002881818463725788,-0.0030937295227849576,-0.003392888873631603,-0.003720639597747072,-0.0038940997968379527,-0.004078610281699663,-0.004186185563714812
159,-0.002500458288263821,-0.0025812983151366816,-0.002685624792053941,-0.002795961299880602,-0.002999021949346089,-0.0032854021541157633,-0.0035988284416957916,-0.003764592632837016,-0.003940843194168672,-0.0040435718819891745
160,-0.0024300311790795615,-0.0025076587990374944,-0.0026077915194635927,-0.0027136367252057368,-0.0029082920652334938,-0.00318254238425655,-0.003482376513312265,-0.0036408382611960934,-0.003809250248254638,-0.003907378694744906
161,-0.0023623749957690445,-0.0024369469171957015,-0.0025330920527187155,-0.0026346685344050356,-0.0028213392465564952,-0.00308407381544132,-0.0033710096175537845,-0.0035225425356486583,-0.00368351663166497,-0.003777279489199175
162,-0.0022973555004718905,-0.0023690198074236735,-0.002461372165847873,-0.002558890228803167,-0.0027379738524368523,-0.0029897733638948017,-0.0032644677751662134,-0.0034094261679402833,-0.0035633429003422887,-0.0036529633237510377
163,-0.002234845827516906,-0.0023037424705346643,-0.002392486134829736,-0.0024861444899824336,-0.002658016660135239,-0.002899430028695176,-0.0031625046917892145,-0.003301224261757851,-0.003448444615537864,-0.003534134543269296
164,-0.0021747260604986934,-0.0022409873230316204,-0.002326296260449848,-0.0024162826736403996,-0.002581298315136086,-0.0028128443100283902,-0.0030648871980779066,-0.003197685795522206,-0.0033385519003677516,-0.0034205123936654792
165,-0.0021168828312591306,-0.0021806337719890217,-0.00226267241320812,-0.002349164324784459,-0.0025076587990377013,-0.0027298276340351744,-0.002971394673484154,-0.003098573071079672,-0.0032334089383848435,-0.0033118305620004444
166,-0.002061208940295066,-0.002122567811852532,-0.002201491600456674,-0.002284656714883597,-0.0024369469171958004,-0.0026502017892654013,-0.002881818463726687,-0.0030036611419302956,-0.0031327734324856607,-0.0032078366635909968
167,-0.002007602997967807,-0.002066681642738242,-0.002142637555568171,-0.0022226344012445665,-0.002369019807423549,-0.002573798378441875,-0.002795961299879985,-0.0029127372319071917,-0.003036416038923351,-0.0031082916934230052
168,-0.0019559690858463033,-0.002012873309585438,-0.002086000348777174,-0.002162978808506014,-0.0023037424705346444,-0.002500458288263398,-0.002713636725205166,-0.002825600152911924,-0.0029441197882610444,-0.003012969455911848
169,-0.00190621643735788,-0.001961046361528717,-0.0020314760190976978,-0.002105577831931876,-0.002240987323031678,-0.0024300311790786157,-0.002634668534405371,-0.0027420597284508446,-0.002855679502569215,-0.002921655984094285
170,-0.0018582591369434636,-0.0019111095306404745,-0.0019789662267142463,-0.002050325462033319,-0.0021806337719889515,-0.002362374995769531,-0.002558890228803411,-0.002661936228070849,-0.0027709012162761932,-0.002834148957156232
171,-0.0018120158368534589,-0.001862976429296359,-0.0019283779250326126,-0.0019971214298850157,-0.00212256781185244,-0.0022973555004721347,-0.0024861444899831704,-0.002585059816638236,-0.0026896016062907466,-0.0027502571231025064
172,-0.001767409490721866,-0.0018165652652161932,-0.0018796230516182743,-0.0019458708723652757,-0.0020666816427382835,-0.0022348458275157604,-0.0024162826736416542,-0.002511270021289148,-0.0026116074357031577,-0.0026697997319268607
173,-0.0017243671030575324,-0.0017717985734347365,-0.001832618237164236,-0.0018964840165969095,-0.0020128733095854468,-0.0021747260604974986,-0.0023491643247844796,-0.002440415218033163,-0.0025367550142964324,-0.002592605983266232
174,-0.001682819493787951,-0.0017286029642015175,-0.0017872845316130362,-0.0018488758826891091,-0.001961046361528563,-0.0021168828312609056,-0.002284656714884395,-0.0023723521394012903,-0.0024648896780760173,-0.00251851449146423
175,-0.0016427010770570572,-0.0016869088860891402,-0.001743547146598333,-0.0018029660039631339,-0.0019111095306402418,-0.002061208940296147,-0.002222634401246304,-0.002306945403860979,-0.0023958652894476885,-0.0024473727701574697
176,-0.0016039496534289784,-0.0016466504033848404,-0.0017013352133139939,-0.0017586781637747733,-0.001862976429296418,-0.0020076029979685522,-0.0021629788085066578,-0.0022440670674091557,-0.0023295437589450387,-0.0023790367377636394
177,-0.001566506214769206,-0.0016077649869957475,-0.0016605815550094724,-0.001715940148083719,-0.0018165652652160518,-0.001955969085847712,-0.002105577831931295,-0.002183596197349553,-0.0022657945890452334,-0.0023133702446972624
178,-0.001530314761007582,-0.0015701933180916404,-0.001621222473241331,-0.0016746835129149685,-0.0017717985734347149,-0.0019062164373576768,-0.0020503254620327606,-0.0021254184680042933,-0.002204494440197255,-0.0022502446227550847
179,-0.0014953221281096686,-0.0015338791037157404,-0.0015831975471655262,-0.001634843365903563,-0.0017286029642015598,-0.001858259136942167,-0.0019971214298860696,-0.0020694257779429806,-0.002145526718898488,-0.0021895382566569487
180,-0.0014614778265625954,-0.0014987689036688786,-0.0015464494450197672,-0.0015963581610968576,-0.0016869088860889782,-0.0018120158368534253,-0.001945870872364663,-0.0020155158881207105,-0.00208878118744765,-0.002131136177600965
181,-0.0014287338897312728,-0.0014648119679667125,-0.0015109237471555394,-0.001559169506260648,-0.0016466504033848285,-0.0017674094907221202,-0.0018964840165966914,-0.001963592080247979,-0.0020341535948493914,-0.0020749296783549726
182,-0.0013970447314757195,-0.0014319600842437807,-0.0014765687798698587,-0.0015232219819479255,-0.0016077649869960203,-0.0017243671030592795,-0.0018488758826887184,-0.0019135628345927796,-0.0019815453281746063,-0.0020208159493389486
183,-0.0013663670124591575,-0.0014001674344615777,-0.0014433354593889488,-0.0014884629716273414,-0.0015701933180919422,-0.0016828194937890542,-0.0018029660039619944,-0.0018653415264198703,-0.0019308630836634018,-0.0019686977349951344
184,-0.001336659514596927,-0.0013693904603844617,-0.001411177145400976,-0.001454842502184068,-0.001533879103715393,-0.0016427010770569484,-0.0017586781637743234,-0.0018188461401971276,-0.0018820185567321405,-0.0019184830097016662
185,-0.001307883023133478,-0.0013395877372361237,-0.0013800495035277138,-0.0014223130941874368,-0.00149876890366884,-0.001603949653429056,-0.00171594014808345,-0.0017739990006973069,-0.0018349281500571516,-0.001870084672371166
186,-0.0012800002158837834,-0.0013107198550233977,-0.0013499103761491576,-0.0013908296212887632,-0.001464811967966648,-0.0015665062147704853,-0.0016746835129161667,-0.0017307265201636233,-0.0017895126988708631,-0.0018234202589177979
187,-0.0012529755591417914,-0.0012827493070942688,-0.0013207196611407495,-0.0013603491781908764,-0.0014319600842438625,-0.0015303147610085705,-0.0016348433659031407,-0.0016889589606549538,-0.0017456972126006331,-0.0017784116717260838
188,-0.00122677520989357,-0.0012556403853918566,-0.0012924391979290178,-0.0013308309566757524,-0.001400167434461558,-0.0014953221281106175,-0.0015963581610964755,-0.0016486302107472615,-0.0017034106319807293,-0.0017349849252295724
189,-0.001201366923896059,-0.001229359082073187,-0.0012650326604595468,-0.001302236129142889,-0.0013693904603844973,-0.0014614778265639415,-0.0015591695062610442,-0.0016096775757830375,-0.0016625856008430921,-0.0016930699067852855
190,-0.0011767199692380088,-0.0012038729969833701,-0.001238465456628024,-0.0012745277392178778,-0.0013395877372363197,-0.0014287338897323782,-0.0015232219819482074,-0.0015720415808946778,-0.001623158251707555,-0.0016526001519691475
191,-0.0011528050450934101,-0.001179151250727956,-0.0012127046337583516,-0.0012476705989683486,-0.001310719855023609,-0.0013970447314739906,-0.0014884629716264257,-0.001535665786036324,-0.0015850680044161025,-0.0016135126335167192
192,-0.0011295942052601158,-0.0011551644028840245,-0.0011877187897440466,-0.00122163119230281,-0.0012827493070941454,-0.0013663670124606131,-0.0014548425021844763,-0.0015004966123146725,-0.0015482573770587691,-0.0015757475631014953
193,-0.0011070607862430546,-0.0011318843750975024,-0.0011634779895193306,-0.0011963775841921246,-0.0012556403853920088,-0.0013366595145967853,-0.0014223130941881862,-0.001466483178936582,-0.0015126718084062872,-0.0015392482051870097
194,-0.0010851793395645227,-0.0011092843787162653,-0.0011399536864614194,-0.00117187933528629,-0.0012293590820732646,-0.0013078830231344836,-0.0013908296212883126,-0.0014335771501349142,-0.0014782594912519517,-0.001503960702270882
195,-0.001063925568042398,-0.0010873388466895728,-0.0011171186484780797,-0.0011481074216447445,-0.0012038729969834363,-0.001280000215885123,-0.0013603491781904334,-0.0014017325914273985,-0.0014449712158765599,-0.0014698339108077721
196,-0.0010432762657835014,-0.0010660233694694164,-0.0010949468884504,-0.001125034159225323,-0.0011791512507278608,-0.0012529755591431044,-0.0013308309566753876,-0.0013709058346430872,-0.001412760223137475,-0.0014368192471359287
197,-0.0010232092616731753,-0.0010453146346353246,-0.0010734135987608417,-0.0011026331328167385,-0.001155164402884169,-0.0012267752098917462,-0.0013022361291417234,-0.0013410553512180517,-0.0013815820664891377,-0.0014048705428573683
198,-0.001003703366076968,-0.0010251903700282377,-0.001052495089636459,-0.0010808791291829689,-0.0011318843750972784,-0.0012013669238945578,-0.001274527739217183,-0.0013121416331284483,-0.0013513944824250766,-0.0013739439090144447
199,-0.0009847383207007487,-0.0010056292901952906,-0.0010321687310802464,-0.0010597480740766943,-0.0011092843787165044,-0.0011767199692388204,-0.0012476705989673408,-0.001284127081093385,-0.0013221572688089608,-0.001343997608554978
200,-0.0009662947512092991,-0.0009866110458661443,-0.0010124128981933607,-0.0010392169729882576,-0.0010873388466892792,-0.0011528050450943428,-0.0012216311923032366,-0.0012569758995136307,-0.0012938321705797604,-0.0013149919365482267
201,-0.0009483541226304523,-0.0009681161763733053,-0.0009932069195987456,-0.0010192638552388778,-0.0010660233694695712,-0.0011295942052597298,-0.0011963775841914602,-0.001230653997783055,-0.0012663827724083963,-0.0012868891076752514
202,-0.0009308986972144881,-0.0009501260647405887,-0.0009745310288608908,-0.0009998677214016563,-0.0010453146346352145,-0.0011070607862440815,-0.0011718793352853663,-0.0012051288974698439,-0.0012397743977791093,-0.0012596531505178455
203,-0.0009139114947142777,-0.000932622895317119,-0.0009563663186587223,-0.00098100849366084,-0.001025190370027872,-0.0010851793395631189,-0.001148107421645741,-0.0011803696451251357,-0.00121397401420193,-0.0012332498082282062
204,-0.0008973762548393155,-0.0009155896138272294,-0.0009386946975407549,-0.000962666969051735,-0.0010056292901955653,-0.0010639255680448927,-0.0011250341592247656,-0.0011563467302416254,-0.0011889501440756716,-0.0012076464451814546
205,-0.0008812774018553107,-0.000899009889627312,-0.0009214988491542523,-0.0009448247753273318,-0.0009866110458659266,-0.00104327626578806,-0.001102633132816445,-0.0011330320081226557,-0.0011646727808752018,-0.0011828119592026112
206,-0.0008656000110942427,-0.0008828680800504575,-0.0009047621937395263,-0.0009274643293487464,-0.0009681161763733392,-0.0010232092616719907,-0.0010808791291828858,-0.0011103986272725528,-0.0011411133103556331,-0.0011587166990365367
207,-0.0008503297773408954,-0.0008671491967874509,-0.0008884688517733256,-0.0009105687977895284,-0.0009501260647409855,-0.0010037033660789721,-0.0010597480740794575,-0.0010884209611262954,-0.001118244436391766,-0.0011353323867456194
208,-0.0008354529849134893,-0.0008518388740368987,-0.0008726036096195316,-0.0008941220600497458,-0.0009326228953178109,-0.000984738320702561,-0.0010392169729866588,-0.001067074543723759,-0.0010960401111970843,-0.0011126320446603155
209,-0.0008209564794187444,-0.000836923338474879,-0.0008571518871211529,-0.0008781086732183091,-0.0009155896138271027,-0.0009662947512094166,-0.0010192638552394225,-0.0010463360091549692,-0.0010744754696740753,-0.0010905899266766268
210,-0.0008068276409927025,-0.0008223893807922113,-0.0008420997068876183,-0.000862513838992408,-0.0008990098896273722,-0.0009483541226312918,-0.0009998677214019189,-0.001026183034561906,-0.0010535267675650204,-0.0010691814535575318
211,-0.0007930543590014098,-0.000808224328848758,-0.0008274336653501227,-0.0008473233723998444,-0.0008828680800506401,-0.0009308986972162199,-0.0009810084936623972,-0.0010065942863671873,-0.0010331713232127858,-0.001048383152014254
212,-0.0007796250080965304,-0.0007944160221826091,-0.0008131409053212216,-0.0008325236722265183,-0.000867149196787061,-0.0009139114947165636,-0.0009626669690521569,-0.0009875493696550964,-0.0010133874627149338,-0.0010281725973503672
213,-0.0007665284255338341,-0.0007809527879515464,-0.0007992090900557126,-0.0008181016930844769,-0.0008518388740370892,-0.0008973762548378918,-0.0009448247753264648,-0.0009690287804103068,-0.0009941544681919138,-0.0010085283593877425
214,-0.0007537538897003596,-0.0007678234181449868,-0.0007856263787125858,-0.0008040449189300413,-0.0008369233384749152,-0.0008812774018558001,-0.000927464329350451,-0.000951013860499012,-0.000975452529070418,-0.0009894299515495464
215,-0.00074129109975371,-0.0007550171479661916,-0.0007723814030949969,-0.0007903413380619604,-0.0008223893807924613,-0.0008656000110966447,-0.0009105687977917512,-0.0009334867551774792,-0.000957262696125192,-0.0009708577827888394
216,-0.0007291301563535393,-0.0007425236353768151,-0.0007594632456721868,-0.0007769794194302248,-0.0008082243288492512,-0.0008503297773407993,-0.0008941220600480166,-0.0009164303730161834,-0.0009395668380970479,-0.0009527931123403004
217,-0.0007172615433580734,-0.0007303329417305556,-0.0007468614187029759,-0.0007639480901916779,-0.0007944160221826794,-0.0008354529849154064,-0.0008781086732174465,-0.0008998283480418414,-0.0009223476008198265,-0.0009352180069695831
218,-0.0007056761104959652,-0.0007184355133616934,-0.0007345658444834454,-0.00075123671448219,-0.0007809527879518846,-0.0008209564794179298,-0.0008625138389918617,-0.0008836650040159905,-0.0009055883685730989,-0.0009181153006406101
219,-0.0006943650569193299,-0.0007068221641653959,-0.0007225668366457264,-0.0007388350732735292,-0.0007678234181450819,-0.0008068276409915828,-0.0008473233723983492,-0.0008679253206708457,-0.0008892732276582979,-0.0009014685564849724
220,-0.0006833199155824126,-0.0006954840590680846,-0.0007108550823549994,-0.0007267333452914835,-0.0007550171479670976,-0.0007930543590004902,-0.0008325236722272647,-0.0008525949018206667,-0.0008733869319321146,-0.0008852620308460955
221,-0.0006725325384285895,-0.0006844126983196546,-0.0006994216255116334,-0.0007149220889279475,-0.0007425236353770421,-0.0007796250080967248,-0.0008181016930850983,-0.0008376599451922425,-0.0008579148702976818,-0.0008694806393167089
222,-0.0006619950823142791,-0.0006735999026098202,-0.0006882578507327687,-0.0007033922250943054,-0.0007303329417310831,-0.0007665284255344268,-0.0008040449189285561,-0.0008231072139482276,-0.0008428430359472077,-0.0008541099246894214
223,-0.000651699995656956,-0.0006630377989240715,-0.0006773554682078309,-0.0006921350209132604,-0.000718435513361923,-0.0007537538897020033,-0.0007903413380596668,-0.0008089240096757599,-0.0008281579972667743,-0.0008391360266097694
224,-0.0006416400057260531,-0.0006527188071018974,-0.0006667064992697605,-0.0006811420742984558,-0.000706822164165521,-0.0007412910997559239,-0.0007769794194293396,-0.0007950981469334142,-0.0008138468703831408,-0.0008245456529342638
225,-0.0006318081065632619,-0.0006426356270743153,-0.0006563032627510392,-0.0006704052992855973,-0.0006954840590675106,-0.0007291301563512843,-0.0007639480901899004,-0.0007816179290462359,-0.0007998972931268249,-0.0008103260525822798
226,-0.0006221975475190782,-0.0006327812267354716,-0.0006461383619654889,-0.0006599169120896711,-0.0006844126983197432,-0.0007172615433588502,-0.0007512367144816742,-0.0007684721252828896,-0.0007862974004142766,-0.0007964649899193585
227,-0.0006128018223472047,-0.0006231488304125866,-0.0006362046723585619,-0.0006496694178920176,-0.0006735999026099442,-0.000705676110495067,-0.0007388350732720611,-0.0007556499491757028,-0.0007730358009676369,-0.0007829507204446363
228,-0.0006036146588066787,-0.0006137319078879579,-0.0006264953297820987,-0.000639655598256894,-0.0006630377989236219,-0.0006943650569199581,-0.000726733345293196,-0.000743141038031771,-0.000760101555210747,-0.0007697719678261537
229,-0.000594630008781118,-0.0006045241639681941,-0.0006170037193148456,-0.0006298684991910375,-0.0006527188071013522,-0.0006833199155803022,-0.0007149220889311078,-0.0007309354334677754,-0.0007474841543936081,-0.0007569179021100403
230,-0.0005858420388908896,-0.0005955195285700591,-0.0006077234646791477,-0.0006203014197901178,-0.0006426356270746165,-0.0006725325384260198,-0.0007033922250955378,-0.0007190235629928732,-0.0007351735007669623,-0.0007443781191193049
231,-0.0005772451215333521,-0.0005867121472364441,-0.0005986484180853984,-0.0006109479014157652,-0.0006327812267353805,-0.0006619950823146096,-0.0006921350209121229,-0.0007073962225228626,-0.0007231598888244379,-0.0007321426208846029
232,-0.0005688338263401554,-0.0005780963721785757,-0.000589772650659215,-0.0006018017174214104,-0.0006231488304116991,-0.0006516999956596495,-0.0006811420743020522,-0.0006960445598114889,-0.0007114339874653725,-0.0007202017971306663
233,-0.0005606029120674449,-0.0005696667536849694,-0.000581090443273881,-0.0005928568633805308,-0.0006137319078874873,-0.0006416400057245152,-0.0006704052992867007,-0.0006849600587097693,-0.0006999868231331752,-0.000708546407693306
234,-0.0005525473188555277,-0.0005614180319463665,-0.0005725962778368658,-0.0005841075477774566,-0.0006045241639681522,-0.0006318081065627074,-0.0006599169120907724,-0.0006741345242247869,-0.0006888097637817872,-0.0006971675658597851
235,-0.0005446621608274796,-0.0005533451293055199,-0.0005642848289801545,-0.00057554818311503,-0.0005955195285695259,-0.0006221975475196092,-0.0006496694178925997,-0.0006635600683490307,-0.0006778945036657817,-0.0006860567225584848
236,-0.0005369427190869256,-0.0005454431428177375,-0.0005561509561562697,-0.0005671733774921776,-0.000586712147235704,-0.0006128018223459926,-0.0006396555982560399,-0.0006532290965850627,-0.0006672330488951629,-0.000675205651327177
237,-0.0005293844349614886,-0.0005377073371736765,-0.0005481896960863801,-0.0005589779265464862,-0.0005780963721784297,-0.0006036146588040813,-0.0006298684991935977,-0.0006431342951598287,-0.0006568177037436511,-0.0006646064340829151
238,-0.0005219829036351263,-0.0005301331379927643,-0.000540396255585993,-0.0005509568058003417,-0.00056966675368506,-0.0005946300087816098,-0.0006203014197921701,-0.0006332686188488043,-0.00064664105758967,-0.0006542514475672608
239,-0.0005147338680270383,-0.000522716125350365,-0.0005327660046849554,-0.0005431051633199941,-0.0005614180319456887,-0.0005858420388936126,-0.0006109479014152763,-0.0006236252794130788,-0.0006366959725650531,-0.0006441333504773902
240,-0.000507633212936081,-0.0005154520276464071,-0.0005252944701121573,-0.0005354183127799575,-0.000553345129305403,-0.0005772451215347359,-0.00060180171742352,-0.0006141977346201862,-0.0006269755717701256,-0.0006342450712761673
241,-0.0005006769595054598,-0.0005083367157609816,-0.0005179773290398049,-0.0005278917267875406,-0.0005454431428172416,-0.0005688338263414533,-0.0005928568633811237,-0.0006049796777684215,-0.0006174732280795486,-0.0006245797965295269
242,-0.0004938612598763483,-0.0005013661974455308,-0.0005108104031289497,-0.0005205210305507433,-0.0005377073371726213,-0.0005606029120676726,-0.0005841075477774876,-0.0005959650277398183,-0.0006081825535233822,-0.0006151309598819198
243,-0.00048718239212221476,-0.0004945366119592478,-0.0005037896528417385,-0.000513301995817275,-0.0005301331379932023,-0.0005525473188527895,-0.0005755481831151377,-0.0005871479195238536,-0.0005990973891147313,-0.0006058922315341195
244,-0.0004806367553786406,-0.0004878442250151227,-0.0004969111720058846,-0.0005062305351004324,-0.0005227161253504317,-0.000544662160827984,-0.0005671733774899459,-0.0005785226951975256,-0.0005902117952646915,-0.0005968575082421246
245,-0.00047422086520193464,-0.00048128542385592917,-0.0004901711826535407,-0.0004993026961577669,-0.0005154520276456865,-0.0005369427190864924,-0.0005589779265457826,-0.0005700838953397965,-0.0005815200425737147,-0.000588020903796985
246,-0.00046793134914729814,-0.0004748567125979822,-0.00048356603000686814,-0.0004925146567203592,-0.0005083367157611778,-0.0005293844349603329,-0.0005509568058006358,-0.0005618262508430966,-0.0005730166030852394,-0.0005793767399656549
247,-0.0004617649425025208,-0.0004685547077869915,-0.0004770921778110638,-0.00048586271944178625,-0.0005013661974451818,-0.0005219829036374058,-0.0005431051633176544,-0.0005537446751134158,-0.0005646961419911139,-0.0005709195378493864
248,-0.00045571848424774664,-0.0004623761341256751,-0.00047074620375782276,-0.0004793433071168607,-0.0004945366119593201,-0.0005147338680280508,-0.0005354183127785858,-0.0005458342566439,-0.0005565535096917662,-0.0005626440096624216
249,-0.00044978891315442925,-0.00045631782040400057,-0.0004645247951671121,-0.0004729529580551212,-0.0004878442250149801,-0.0005076332129367473,-0.000527891726787127,-0.0005380902519134766,-0.0005485837342071579,-0.000554545050912528
